-- phpMyAdmin SQL Dump
-- version 4.9.7
-- https://www.phpmyadmin.net/
--
-- Host: localhost:3306
-- Generation Time: May 07, 2023 at 12:51 PM
-- Server version: 5.7.39-cll-lve
-- PHP Version: 7.4.30

SET SQL_MODE = "NO_AUTO_VALUE_ON_ZERO";
SET AUTOCOMMIT = 0;
START TRANSACTION;
SET time_zone = "+00:00";


/*!40101 SET @OLD_CHARACTER_SET_CLIENT=@@CHARACTER_SET_CLIENT */;
/*!40101 SET @OLD_CHARACTER_SET_RESULTS=@@CHARACTER_SET_RESULTS */;
/*!40101 SET @OLD_COLLATION_CONNECTION=@@COLLATION_CONNECTION */;
/*!40101 SET NAMES utf8mb4 */;

--
-- Database: `callabs`
--

-- --------------------------------------------------------

--
-- Table structure for table `appointments`
--

CREATE TABLE `appointments` (
  `id` bigint(20) UNSIGNED NOT NULL,
  `name` varchar(255) COLLATE utf8mb4_unicode_ci DEFAULT NULL,
  `phone` varchar(255) COLLATE utf8mb4_unicode_ci DEFAULT NULL,
  `address` varchar(155) COLLATE utf8mb4_unicode_ci DEFAULT NULL,
  `city` varchar(155) COLLATE utf8mb4_unicode_ci DEFAULT NULL,
  `pin` varchar(155) COLLATE utf8mb4_unicode_ci DEFAULT NULL,
  `option` varchar(255) COLLATE utf8mb4_unicode_ci DEFAULT NULL,
  `created_at` timestamp NULL DEFAULT NULL,
  `updated_at` timestamp NULL DEFAULT NULL
) ENGINE=InnoDB DEFAULT CHARSET=utf8mb4 COLLATE=utf8mb4_unicode_ci;

--
-- Dumping data for table `appointments`
--

INSERT INTO `appointments` (`id`, `name`, `phone`, `address`, `city`, `pin`, `option`, `created_at`, `updated_at`) VALUES
(1, 'php', '1234567897', '2023-01-04 00:00:00', NULL, '00:00:12', '2', '2023-01-02 07:31:43', '2023-01-02 07:31:43'),
(2, 'alok', '8613559157', '2023-01-10 00:00:00', NULL, '00:00:12', '2', '2023-01-02 07:33:07', '2023-01-02 07:33:07'),
(3, NULL, NULL, NULL, NULL, NULL, NULL, '2023-03-26 06:50:31', '2023-03-26 06:50:31'),
(4, 'Alok', NULL, NULL, NULL, NULL, NULL, '2023-03-26 06:51:05', '2023-03-26 06:51:05'),
(5, NULL, NULL, NULL, NULL, NULL, NULL, '2023-03-26 06:51:23', '2023-03-26 06:51:23');

-- --------------------------------------------------------

--
-- Table structure for table `carts`
--

CREATE TABLE `carts` (
  `id` bigint(20) UNSIGNED NOT NULL,
  `user_id` bigint(20) DEFAULT NULL,
  `product_id` bigint(20) DEFAULT NULL,
  `product_name` varchar(255) COLLATE utf8mb4_unicode_ci DEFAULT NULL,
  `qty` smallint(6) DEFAULT '12',
  `amount` varchar(255) COLLATE utf8mb4_unicode_ci DEFAULT NULL,
  `session_id` varchar(255) COLLATE utf8mb4_unicode_ci DEFAULT NULL,
  `name` varchar(255) COLLATE utf8mb4_unicode_ci DEFAULT NULL,
  `email` varchar(255) COLLATE utf8mb4_unicode_ci DEFAULT NULL,
  `phone` varchar(255) COLLATE utf8mb4_unicode_ci DEFAULT NULL,
  `address` varchar(255) COLLATE utf8mb4_unicode_ci DEFAULT NULL,
  `created_at` timestamp NULL DEFAULT NULL,
  `updated_at` timestamp NULL DEFAULT NULL
) ENGINE=InnoDB DEFAULT CHARSET=utf8mb4 COLLATE=utf8mb4_unicode_ci;

-- --------------------------------------------------------

--
-- Table structure for table `categories`
--

CREATE TABLE `categories` (
  `id` int(11) NOT NULL,
  `category_name` varchar(50) DEFAULT NULL,
  `category_slug` varchar(50) DEFAULT NULL,
  `status` varchar(50) DEFAULT NULL,
  `created_at` datetime DEFAULT NULL,
  `updated_at` datetime DEFAULT NULL
) ENGINE=InnoDB DEFAULT CHARSET=utf8mb4;

--
-- Dumping data for table `categories`
--

INSERT INTO `categories` (`id`, `category_name`, `category_slug`, `status`, `created_at`, `updated_at`) VALUES
(1, 'Woman Health', NULL, '1', '2022-09-03 05:56:52', '2022-09-03 05:56:52'),
(2, 'Diabetis', NULL, '1', '2022-09-03 05:57:20', '2022-09-03 05:57:20'),
(3, 'Covid 19', NULL, '1', '2022-09-03 05:57:35', '2022-10-21 01:37:58'),
(4, 'Fever', NULL, '1', '2022-09-03 05:57:50', '2022-10-21 01:38:07'),
(5, 'Jaundice', NULL, '1', '2022-09-07 15:29:20', '2022-10-21 01:38:16'),
(7, 'wellness packages', NULL, '1', '2022-10-03 03:57:01', '2022-11-12 08:35:43'),
(9, 'Heart', NULL, '1', '2022-10-12 05:10:27', '2022-10-12 05:10:27'),
(10, 'hug', NULL, '1', '2022-10-16 06:16:37', '2022-10-16 06:16:37'),
(11, 'knbkk', NULL, '1', '2022-10-21 01:37:26', '2022-10-21 01:37:26'),
(12, 'jkjkj', NULL, '1', '2022-10-27 16:42:05', '2022-10-27 16:42:05'),
(13, 'kotesh rao', NULL, '1', '2023-03-23 08:18:41', '2023-03-23 08:18:41'),
(14, 'viral screen', NULL, '1', '2023-04-13 07:48:51', '2023-04-13 07:48:51'),
(15, 'THYROID', NULL, '1', '2023-04-26 13:57:38', '2023-04-26 13:57:38'),
(16, 'Fitness', NULL, '1', '2023-04-30 16:29:06', '2023-04-30 16:29:06'),
(17, 'Senior Citizen', NULL, '1', '2023-04-30 16:29:38', '2023-04-30 16:29:38'),
(18, 'Lifestyle Habit', NULL, '1', '2023-04-30 16:34:48', '2023-04-30 16:34:48'),
(19, 'Pregnancy', NULL, '1', '2023-04-30 16:35:07', '2023-04-30 16:35:07'),
(20, 'Men Health', NULL, '1', '2023-04-30 16:35:22', '2023-04-30 16:35:22'),
(21, 'Good Health', NULL, '1', '2023-04-30 16:35:36', '2023-04-30 16:35:36'),
(22, 'Liver Profiles', NULL, '1', '2023-04-30 16:35:52', '2023-04-30 16:35:52'),
(23, 'Vitamin Tests', NULL, '1', '2023-04-30 16:36:06', '2023-04-30 16:36:06'),
(24, 'Hormone Tests', NULL, '1', '2023-04-30 16:36:18', '2023-04-30 16:36:18'),
(25, 'Iron Studies', NULL, '1', '2023-04-30 16:36:33', '2023-04-30 16:36:33'),
(26, 'Cancer', NULL, '1', '2023-04-30 16:36:47', '2023-04-30 16:36:47');

-- --------------------------------------------------------

--
-- Table structure for table `failed_jobs`
--

CREATE TABLE `failed_jobs` (
  `id` bigint(20) UNSIGNED NOT NULL,
  `uuid` varchar(255) COLLATE utf8mb4_unicode_ci NOT NULL,
  `connection` text COLLATE utf8mb4_unicode_ci NOT NULL,
  `queue` text COLLATE utf8mb4_unicode_ci NOT NULL,
  `payload` longtext COLLATE utf8mb4_unicode_ci NOT NULL,
  `exception` longtext COLLATE utf8mb4_unicode_ci NOT NULL,
  `failed_at` timestamp NOT NULL DEFAULT CURRENT_TIMESTAMP
) ENGINE=InnoDB DEFAULT CHARSET=utf8mb4 COLLATE=utf8mb4_unicode_ci;

-- --------------------------------------------------------

--
-- Table structure for table `findtestbyorgan`
--

CREATE TABLE `findtestbyorgan` (
  `id` int(11) NOT NULL,
  `organ_id` int(50) DEFAULT NULL,
  `image` varchar(50) DEFAULT NULL,
  `sub_test_id` int(10) NOT NULL,
  `created_at` datetime DEFAULT CURRENT_TIMESTAMP,
  `updated_at` datetime DEFAULT CURRENT_TIMESTAMP
) ENGINE=InnoDB DEFAULT CHARSET=utf8mb4;

--
-- Dumping data for table `findtestbyorgan`
--

INSERT INTO `findtestbyorgan` (`id`, `organ_id`, `image`, `sub_test_id`, `created_at`, `updated_at`) VALUES
(7, 5, NULL, 0, '2022-10-22 21:07:09', '2022-10-22 21:07:09'),
(8, 5, NULL, 1, '2022-10-22 21:07:09', '2022-10-22 21:07:09'),
(9, 5, NULL, 2, '2022-10-22 21:07:09', '2022-10-22 21:07:09'),
(10, 5, NULL, 3, '2022-10-22 21:07:09', '2022-10-22 21:07:09'),
(11, 5, NULL, 4, '2022-10-22 21:07:09', '2022-10-22 21:07:09'),
(12, 5, NULL, 5, '2022-10-22 21:07:09', '2022-10-22 21:07:09'),
(13, 5, NULL, 6, '2022-10-22 21:07:09', '2022-10-22 21:07:09'),
(14, 5, NULL, 7, '2022-10-22 21:07:09', '2022-10-22 21:07:09'),
(15, 5, NULL, 10, '2022-10-22 21:07:09', '2022-10-22 21:07:09'),
(28, 11, NULL, 11, '2022-10-26 06:10:02', '2022-10-26 06:10:02'),
(31, 15, NULL, 5, '2022-11-02 11:48:59', '2022-11-02 11:48:59'),
(32, 15, NULL, 6, '2022-11-02 11:48:59', '2022-11-02 11:48:59'),
(33, 15, NULL, 7, '2022-11-02 11:48:59', '2022-11-02 11:48:59'),
(78, 3, NULL, 0, '2022-11-18 04:47:25', '2022-11-18 04:47:25'),
(79, 3, NULL, 1, '2022-11-18 04:47:25', '2022-11-18 04:47:25'),
(80, 3, NULL, 2, '2022-11-18 04:47:25', '2022-11-18 04:47:25'),
(81, 3, NULL, 3, '2022-11-18 04:47:25', '2022-11-18 04:47:25'),
(82, 3, NULL, 4, '2022-11-18 04:47:25', '2022-11-18 04:47:25'),
(83, 3, NULL, 5, '2022-11-18 04:47:25', '2022-11-18 04:47:25'),
(84, 3, NULL, 6, '2022-11-18 04:47:25', '2022-11-18 04:47:25'),
(85, 3, NULL, 7, '2022-11-18 04:47:25', '2022-11-18 04:47:25'),
(86, 3, NULL, 8, '2022-11-18 04:47:25', '2022-11-18 04:47:25'),
(87, 3, NULL, 9, '2022-11-18 04:47:25', '2022-11-18 04:47:25'),
(88, 3, NULL, 10, '2022-11-18 04:47:25', '2022-11-18 04:47:25'),
(89, 3, NULL, 11, '2022-11-18 04:47:25', '2022-11-18 04:47:25'),
(90, 3, NULL, 12, '2022-11-18 04:47:25', '2022-11-18 04:47:25'),
(91, 10, NULL, 0, '2022-11-18 05:03:48', '2022-11-18 05:03:48'),
(92, 10, NULL, 1, '2022-11-18 05:03:48', '2022-11-18 05:03:48'),
(93, 10, NULL, 2, '2022-11-18 05:03:48', '2022-11-18 05:03:48'),
(94, 10, NULL, 3, '2022-11-18 05:03:48', '2022-11-18 05:03:48'),
(95, 10, NULL, 4, '2022-11-18 05:03:48', '2022-11-18 05:03:48'),
(96, 10, NULL, 5, '2022-11-18 05:03:48', '2022-11-18 05:03:48'),
(97, 10, NULL, 6, '2022-11-18 05:03:48', '2022-11-18 05:03:48'),
(98, 10, NULL, 7, '2022-11-18 05:03:48', '2022-11-18 05:03:48'),
(99, 10, NULL, 8, '2022-11-18 05:03:48', '2022-11-18 05:03:48'),
(100, 10, NULL, 9, '2022-11-18 05:03:48', '2022-11-18 05:03:48'),
(101, 10, NULL, 10, '2022-11-18 05:03:48', '2022-11-18 05:03:48'),
(102, 10, NULL, 11, '2022-11-18 05:03:48', '2022-11-18 05:03:48'),
(103, 10, NULL, 12, '2022-11-18 05:03:48', '2022-11-18 05:03:48'),
(104, 4, NULL, 0, '2022-11-18 05:04:00', '2022-11-18 05:04:00'),
(105, 4, NULL, 1, '2022-11-18 05:04:00', '2022-11-18 05:04:00'),
(106, 4, NULL, 2, '2022-11-18 05:04:00', '2022-11-18 05:04:00'),
(107, 4, NULL, 3, '2022-11-18 05:04:00', '2022-11-18 05:04:00'),
(108, 4, NULL, 4, '2022-11-18 05:04:00', '2022-11-18 05:04:00'),
(109, 4, NULL, 5, '2022-11-18 05:04:00', '2022-11-18 05:04:00'),
(110, 4, NULL, 6, '2022-11-18 05:04:00', '2022-11-18 05:04:00'),
(111, 4, NULL, 7, '2022-11-18 05:04:00', '2022-11-18 05:04:00'),
(112, 4, NULL, 8, '2022-11-18 05:04:00', '2022-11-18 05:04:00'),
(113, 4, NULL, 9, '2022-11-18 05:04:00', '2022-11-18 05:04:00'),
(114, 4, NULL, 10, '2022-11-18 05:04:00', '2022-11-18 05:04:00'),
(115, 4, NULL, 11, '2022-11-18 05:04:00', '2022-11-18 05:04:00'),
(116, 4, NULL, 12, '2022-11-18 05:04:00', '2022-11-18 05:04:00'),
(117, 16, NULL, 0, '2022-11-18 05:04:12', '2022-11-18 05:04:12'),
(118, 16, NULL, 1, '2022-11-18 05:04:12', '2022-11-18 05:04:12'),
(119, 16, NULL, 2, '2022-11-18 05:04:12', '2022-11-18 05:04:12'),
(120, 16, NULL, 3, '2022-11-18 05:04:12', '2022-11-18 05:04:12'),
(121, 16, NULL, 4, '2022-11-18 05:04:12', '2022-11-18 05:04:12'),
(122, 16, NULL, 5, '2022-11-18 05:04:12', '2022-11-18 05:04:12'),
(123, 16, NULL, 6, '2022-11-18 05:04:12', '2022-11-18 05:04:12'),
(124, 16, NULL, 7, '2022-11-18 05:04:12', '2022-11-18 05:04:12'),
(125, 16, NULL, 8, '2022-11-18 05:04:12', '2022-11-18 05:04:12'),
(126, 16, NULL, 9, '2022-11-18 05:04:12', '2022-11-18 05:04:12'),
(127, 16, NULL, 10, '2022-11-18 05:04:12', '2022-11-18 05:04:12'),
(128, 16, NULL, 11, '2022-11-18 05:04:12', '2022-11-18 05:04:12'),
(129, 16, NULL, 12, '2022-11-18 05:04:12', '2022-11-18 05:04:12'),
(130, 18, NULL, 0, '2022-11-18 05:04:18', '2022-11-18 05:04:18'),
(131, 18, NULL, 1, '2022-11-18 05:04:18', '2022-11-18 05:04:18'),
(132, 18, NULL, 2, '2022-11-18 05:04:18', '2022-11-18 05:04:18'),
(133, 18, NULL, 3, '2022-11-18 05:04:18', '2022-11-18 05:04:18'),
(134, 18, NULL, 4, '2022-11-18 05:04:18', '2022-11-18 05:04:18'),
(135, 18, NULL, 5, '2022-11-18 05:04:18', '2022-11-18 05:04:18'),
(136, 18, NULL, 6, '2022-11-18 05:04:18', '2022-11-18 05:04:18'),
(137, 18, NULL, 7, '2022-11-18 05:04:18', '2022-11-18 05:04:18'),
(138, 18, NULL, 8, '2022-11-18 05:04:18', '2022-11-18 05:04:18'),
(139, 18, NULL, 9, '2022-11-18 05:04:18', '2022-11-18 05:04:18'),
(140, 18, NULL, 10, '2022-11-18 05:04:18', '2022-11-18 05:04:18'),
(141, 18, NULL, 11, '2022-11-18 05:04:18', '2022-11-18 05:04:18'),
(142, 18, NULL, 12, '2022-11-18 05:04:18', '2022-11-18 05:04:18'),
(143, 17, NULL, 0, '2022-11-18 05:04:24', '2022-11-18 05:04:24'),
(144, 17, NULL, 1, '2022-11-18 05:04:24', '2022-11-18 05:04:24'),
(145, 17, NULL, 2, '2022-11-18 05:04:24', '2022-11-18 05:04:24'),
(146, 17, NULL, 3, '2022-11-18 05:04:24', '2022-11-18 05:04:24'),
(147, 17, NULL, 4, '2022-11-18 05:04:24', '2022-11-18 05:04:24'),
(148, 17, NULL, 5, '2022-11-18 05:04:24', '2022-11-18 05:04:24'),
(149, 17, NULL, 6, '2022-11-18 05:04:24', '2022-11-18 05:04:24'),
(150, 17, NULL, 7, '2022-11-18 05:04:24', '2022-11-18 05:04:24'),
(151, 17, NULL, 8, '2022-11-18 05:04:24', '2022-11-18 05:04:24'),
(152, 17, NULL, 9, '2022-11-18 05:04:24', '2022-11-18 05:04:24'),
(153, 17, NULL, 10, '2022-11-18 05:04:24', '2022-11-18 05:04:24'),
(154, 17, NULL, 11, '2022-11-18 05:04:24', '2022-11-18 05:04:24'),
(155, 17, NULL, 12, '2022-11-18 05:04:24', '2022-11-18 05:04:24'),
(156, 19, NULL, 0, '2022-11-18 05:04:31', '2022-11-18 05:04:31'),
(157, 19, NULL, 1, '2022-11-18 05:04:31', '2022-11-18 05:04:31'),
(158, 19, NULL, 2, '2022-11-18 05:04:31', '2022-11-18 05:04:31'),
(159, 19, NULL, 3, '2022-11-18 05:04:31', '2022-11-18 05:04:31'),
(160, 19, NULL, 4, '2022-11-18 05:04:31', '2022-11-18 05:04:31'),
(161, 19, NULL, 5, '2022-11-18 05:04:31', '2022-11-18 05:04:31'),
(162, 19, NULL, 6, '2022-11-18 05:04:31', '2022-11-18 05:04:31'),
(163, 19, NULL, 7, '2022-11-18 05:04:31', '2022-11-18 05:04:31'),
(164, 19, NULL, 8, '2022-11-18 05:04:31', '2022-11-18 05:04:31'),
(165, 19, NULL, 9, '2022-11-18 05:04:31', '2022-11-18 05:04:31'),
(166, 19, NULL, 10, '2022-11-18 05:04:31', '2022-11-18 05:04:31'),
(167, 19, NULL, 11, '2022-11-18 05:04:31', '2022-11-18 05:04:31'),
(168, 19, NULL, 12, '2022-11-18 05:04:31', '2022-11-18 05:04:31'),
(169, 20, NULL, 1, '2022-11-18 05:04:41', '2022-11-18 05:04:41'),
(170, 20, NULL, 3, '2022-11-18 05:04:41', '2022-11-18 05:04:41'),
(171, 20, NULL, 5, '2022-11-18 05:04:41', '2022-11-18 05:04:41'),
(172, 20, NULL, 7, '2022-11-18 05:04:41', '2022-11-18 05:04:41'),
(173, 20, NULL, 10, '2022-11-18 05:04:41', '2022-11-18 05:04:41'),
(174, 25, NULL, 4, '2022-11-18 05:04:50', '2022-11-18 05:04:50'),
(175, 25, NULL, 6, '2022-11-18 05:04:50', '2022-11-18 05:04:50'),
(176, 25, NULL, 8, '2022-11-18 05:04:50', '2022-11-18 05:04:50'),
(177, 25, NULL, 9, '2022-11-18 05:04:50', '2022-11-18 05:04:50'),
(178, 21, NULL, 0, '2022-11-22 22:09:10', '2022-11-22 22:09:10'),
(179, 21, NULL, 1, '2022-11-22 22:09:10', '2022-11-22 22:09:10'),
(180, 21, NULL, 2, '2022-11-22 22:09:10', '2022-11-22 22:09:10'),
(181, 21, NULL, 3, '2022-11-22 22:09:10', '2022-11-22 22:09:10'),
(182, 21, NULL, 4, '2022-11-22 22:09:10', '2022-11-22 22:09:10'),
(183, 21, NULL, 5, '2022-11-22 22:09:10', '2022-11-22 22:09:10'),
(184, 21, NULL, 6, '2022-11-22 22:09:10', '2022-11-22 22:09:10'),
(185, 21, NULL, 7, '2022-11-22 22:09:10', '2022-11-22 22:09:10'),
(186, 21, NULL, 8, '2022-11-22 22:09:10', '2022-11-22 22:09:10'),
(187, 21, NULL, 9, '2022-11-22 22:09:10', '2022-11-22 22:09:10'),
(188, 21, NULL, 10, '2022-11-22 22:09:10', '2022-11-22 22:09:10'),
(189, 21, NULL, 11, '2022-11-22 22:09:10', '2022-11-22 22:09:10'),
(190, 21, NULL, 12, '2022-11-22 22:09:10', '2022-11-22 22:09:10'),
(191, 22, NULL, 0, '2022-11-22 22:09:17', '2022-11-22 22:09:17'),
(192, 22, NULL, 1, '2022-11-22 22:09:17', '2022-11-22 22:09:17'),
(193, 22, NULL, 2, '2022-11-22 22:09:17', '2022-11-22 22:09:17'),
(194, 22, NULL, 3, '2022-11-22 22:09:17', '2022-11-22 22:09:17'),
(195, 22, NULL, 4, '2022-11-22 22:09:17', '2022-11-22 22:09:17'),
(196, 22, NULL, 5, '2022-11-22 22:09:17', '2022-11-22 22:09:17'),
(197, 22, NULL, 6, '2022-11-22 22:09:17', '2022-11-22 22:09:17'),
(198, 22, NULL, 7, '2022-11-22 22:09:17', '2022-11-22 22:09:17'),
(199, 22, NULL, 8, '2022-11-22 22:09:17', '2022-11-22 22:09:17'),
(200, 22, NULL, 9, '2022-11-22 22:09:17', '2022-11-22 22:09:17'),
(201, 22, NULL, 10, '2022-11-22 22:09:17', '2022-11-22 22:09:17'),
(202, 22, NULL, 11, '2022-11-22 22:09:17', '2022-11-22 22:09:17'),
(203, 22, NULL, 12, '2022-11-22 22:09:17', '2022-11-22 22:09:17'),
(204, 23, NULL, 0, '2022-11-22 22:09:23', '2022-11-22 22:09:23'),
(205, 23, NULL, 1, '2022-11-22 22:09:23', '2022-11-22 22:09:23'),
(206, 23, NULL, 2, '2022-11-22 22:09:23', '2022-11-22 22:09:23'),
(207, 23, NULL, 3, '2022-11-22 22:09:23', '2022-11-22 22:09:23'),
(208, 23, NULL, 4, '2022-11-22 22:09:23', '2022-11-22 22:09:23'),
(209, 23, NULL, 5, '2022-11-22 22:09:23', '2022-11-22 22:09:23'),
(210, 23, NULL, 6, '2022-11-22 22:09:23', '2022-11-22 22:09:23'),
(211, 23, NULL, 7, '2022-11-22 22:09:23', '2022-11-22 22:09:23'),
(212, 23, NULL, 8, '2022-11-22 22:09:23', '2022-11-22 22:09:23'),
(213, 23, NULL, 9, '2022-11-22 22:09:23', '2022-11-22 22:09:23'),
(214, 23, NULL, 10, '2022-11-22 22:09:23', '2022-11-22 22:09:23'),
(215, 23, NULL, 11, '2022-11-22 22:09:23', '2022-11-22 22:09:23'),
(216, 23, NULL, 12, '2022-11-22 22:09:23', '2022-11-22 22:09:23'),
(217, 24, NULL, 0, '2022-11-22 22:09:31', '2022-11-22 22:09:31'),
(218, 24, NULL, 1, '2022-11-22 22:09:31', '2022-11-22 22:09:31'),
(219, 24, NULL, 2, '2022-11-22 22:09:31', '2022-11-22 22:09:31'),
(220, 24, NULL, 3, '2022-11-22 22:09:31', '2022-11-22 22:09:31'),
(221, 24, NULL, 4, '2022-11-22 22:09:31', '2022-11-22 22:09:31'),
(222, 24, NULL, 5, '2022-11-22 22:09:31', '2022-11-22 22:09:31'),
(223, 24, NULL, 6, '2022-11-22 22:09:31', '2022-11-22 22:09:31'),
(224, 24, NULL, 7, '2022-11-22 22:09:31', '2022-11-22 22:09:31'),
(225, 24, NULL, 8, '2022-11-22 22:09:31', '2022-11-22 22:09:31'),
(226, 24, NULL, 9, '2022-11-22 22:09:31', '2022-11-22 22:09:31'),
(227, 24, NULL, 10, '2022-11-22 22:09:31', '2022-11-22 22:09:31'),
(228, 24, NULL, 11, '2022-11-22 22:09:31', '2022-11-22 22:09:31'),
(229, 24, NULL, 12, '2022-11-22 22:09:31', '2022-11-22 22:09:31'),
(230, 26, NULL, 0, '2022-11-22 22:09:38', '2022-11-22 22:09:38'),
(231, 26, NULL, 1, '2022-11-22 22:09:38', '2022-11-22 22:09:38'),
(232, 26, NULL, 2, '2022-11-22 22:09:38', '2022-11-22 22:09:38'),
(233, 26, NULL, 3, '2022-11-22 22:09:38', '2022-11-22 22:09:38'),
(234, 26, NULL, 4, '2022-11-22 22:09:38', '2022-11-22 22:09:38'),
(235, 26, NULL, 5, '2022-11-22 22:09:38', '2022-11-22 22:09:38'),
(236, 26, NULL, 6, '2022-11-22 22:09:38', '2022-11-22 22:09:38'),
(237, 26, NULL, 7, '2022-11-22 22:09:38', '2022-11-22 22:09:38'),
(238, 26, NULL, 8, '2022-11-22 22:09:38', '2022-11-22 22:09:38'),
(239, 26, NULL, 9, '2022-11-22 22:09:38', '2022-11-22 22:09:38'),
(240, 26, NULL, 10, '2022-11-22 22:09:38', '2022-11-22 22:09:38'),
(241, 26, NULL, 11, '2022-11-22 22:09:38', '2022-11-22 22:09:38'),
(242, 26, NULL, 12, '2022-11-22 22:09:38', '2022-11-22 22:09:38'),
(243, 27, NULL, 0, '2022-11-22 22:09:44', '2022-11-22 22:09:44'),
(244, 27, NULL, 1, '2022-11-22 22:09:44', '2022-11-22 22:09:44'),
(245, 27, NULL, 2, '2022-11-22 22:09:44', '2022-11-22 22:09:44'),
(246, 27, NULL, 3, '2022-11-22 22:09:44', '2022-11-22 22:09:44'),
(247, 27, NULL, 4, '2022-11-22 22:09:44', '2022-11-22 22:09:44'),
(248, 27, NULL, 5, '2022-11-22 22:09:44', '2022-11-22 22:09:44'),
(249, 27, NULL, 6, '2022-11-22 22:09:44', '2022-11-22 22:09:44'),
(250, 27, NULL, 7, '2022-11-22 22:09:44', '2022-11-22 22:09:44'),
(251, 27, NULL, 8, '2022-11-22 22:09:44', '2022-11-22 22:09:44'),
(252, 27, NULL, 9, '2022-11-22 22:09:44', '2022-11-22 22:09:44'),
(253, 27, NULL, 10, '2022-11-22 22:09:44', '2022-11-22 22:09:44'),
(254, 27, NULL, 11, '2022-11-22 22:09:44', '2022-11-22 22:09:44'),
(255, 27, NULL, 12, '2022-11-22 22:09:44', '2022-11-22 22:09:44'),
(256, 28, NULL, 0, '2022-11-22 22:09:51', '2022-11-22 22:09:51'),
(257, 28, NULL, 1, '2022-11-22 22:09:51', '2022-11-22 22:09:51'),
(258, 28, NULL, 2, '2022-11-22 22:09:51', '2022-11-22 22:09:51'),
(259, 28, NULL, 3, '2022-11-22 22:09:51', '2022-11-22 22:09:51'),
(260, 28, NULL, 4, '2022-11-22 22:09:51', '2022-11-22 22:09:51'),
(261, 28, NULL, 5, '2022-11-22 22:09:51', '2022-11-22 22:09:51'),
(262, 28, NULL, 6, '2022-11-22 22:09:51', '2022-11-22 22:09:51'),
(263, 28, NULL, 7, '2022-11-22 22:09:51', '2022-11-22 22:09:51'),
(264, 28, NULL, 8, '2022-11-22 22:09:51', '2022-11-22 22:09:51'),
(265, 28, NULL, 9, '2022-11-22 22:09:51', '2022-11-22 22:09:51'),
(266, 28, NULL, 10, '2022-11-22 22:09:51', '2022-11-22 22:09:51'),
(267, 28, NULL, 11, '2022-11-22 22:09:51', '2022-11-22 22:09:51'),
(268, 28, NULL, 12, '2022-11-22 22:09:51', '2022-11-22 22:09:51'),
(269, 29, NULL, 0, '2022-11-22 22:09:56', '2022-11-22 22:09:56'),
(270, 29, NULL, 1, '2022-11-22 22:09:56', '2022-11-22 22:09:56'),
(271, 29, NULL, 2, '2022-11-22 22:09:56', '2022-11-22 22:09:56'),
(272, 29, NULL, 3, '2022-11-22 22:09:56', '2022-11-22 22:09:56'),
(273, 29, NULL, 4, '2022-11-22 22:09:56', '2022-11-22 22:09:56'),
(274, 29, NULL, 5, '2022-11-22 22:09:56', '2022-11-22 22:09:56'),
(275, 29, NULL, 6, '2022-11-22 22:09:56', '2022-11-22 22:09:56'),
(276, 29, NULL, 7, '2022-11-22 22:09:56', '2022-11-22 22:09:56'),
(277, 29, NULL, 8, '2022-11-22 22:09:56', '2022-11-22 22:09:56'),
(278, 29, NULL, 9, '2022-11-22 22:09:56', '2022-11-22 22:09:56'),
(279, 29, NULL, 10, '2022-11-22 22:09:56', '2022-11-22 22:09:56'),
(280, 29, NULL, 11, '2022-11-22 22:09:56', '2022-11-22 22:09:56'),
(281, 29, NULL, 12, '2022-11-22 22:09:56', '2022-11-22 22:09:56'),
(282, 30, NULL, 0, '2022-11-22 22:10:04', '2022-11-22 22:10:04'),
(283, 30, NULL, 1, '2022-11-22 22:10:04', '2022-11-22 22:10:04'),
(284, 30, NULL, 2, '2022-11-22 22:10:04', '2022-11-22 22:10:04'),
(285, 30, NULL, 3, '2022-11-22 22:10:04', '2022-11-22 22:10:04'),
(286, 30, NULL, 4, '2022-11-22 22:10:04', '2022-11-22 22:10:04'),
(287, 30, NULL, 5, '2022-11-22 22:10:04', '2022-11-22 22:10:04'),
(288, 30, NULL, 6, '2022-11-22 22:10:04', '2022-11-22 22:10:04'),
(289, 30, NULL, 7, '2022-11-22 22:10:04', '2022-11-22 22:10:04'),
(290, 30, NULL, 8, '2022-11-22 22:10:04', '2022-11-22 22:10:04'),
(291, 30, NULL, 9, '2022-11-22 22:10:04', '2022-11-22 22:10:04'),
(292, 30, NULL, 10, '2022-11-22 22:10:04', '2022-11-22 22:10:04'),
(293, 30, NULL, 11, '2022-11-22 22:10:04', '2022-11-22 22:10:04'),
(294, 30, NULL, 12, '2022-11-22 22:10:04', '2022-11-22 22:10:04'),
(295, 31, NULL, 0, '2022-11-22 22:10:10', '2022-11-22 22:10:10'),
(296, 31, NULL, 1, '2022-11-22 22:10:10', '2022-11-22 22:10:10'),
(297, 31, NULL, 2, '2022-11-22 22:10:10', '2022-11-22 22:10:10'),
(298, 31, NULL, 3, '2022-11-22 22:10:10', '2022-11-22 22:10:10'),
(299, 31, NULL, 4, '2022-11-22 22:10:10', '2022-11-22 22:10:10'),
(300, 31, NULL, 5, '2022-11-22 22:10:10', '2022-11-22 22:10:10'),
(301, 31, NULL, 6, '2022-11-22 22:10:10', '2022-11-22 22:10:10'),
(302, 31, NULL, 7, '2022-11-22 22:10:10', '2022-11-22 22:10:10'),
(303, 31, NULL, 8, '2022-11-22 22:10:10', '2022-11-22 22:10:10'),
(304, 31, NULL, 9, '2022-11-22 22:10:10', '2022-11-22 22:10:10'),
(305, 31, NULL, 10, '2022-11-22 22:10:10', '2022-11-22 22:10:10'),
(306, 31, NULL, 11, '2022-11-22 22:10:10', '2022-11-22 22:10:10'),
(307, 31, NULL, 12, '2022-11-22 22:10:10', '2022-11-22 22:10:10'),
(308, 32, NULL, 0, '2022-11-22 22:10:16', '2022-11-22 22:10:16'),
(309, 32, NULL, 1, '2022-11-22 22:10:16', '2022-11-22 22:10:16'),
(310, 32, NULL, 2, '2022-11-22 22:10:16', '2022-11-22 22:10:16'),
(311, 32, NULL, 3, '2022-11-22 22:10:16', '2022-11-22 22:10:16'),
(312, 32, NULL, 4, '2022-11-22 22:10:16', '2022-11-22 22:10:16'),
(313, 32, NULL, 5, '2022-11-22 22:10:16', '2022-11-22 22:10:16'),
(314, 32, NULL, 6, '2022-11-22 22:10:16', '2022-11-22 22:10:16'),
(315, 32, NULL, 7, '2022-11-22 22:10:16', '2022-11-22 22:10:16'),
(316, 32, NULL, 8, '2022-11-22 22:10:16', '2022-11-22 22:10:16'),
(317, 32, NULL, 9, '2022-11-22 22:10:16', '2022-11-22 22:10:16'),
(318, 32, NULL, 10, '2022-11-22 22:10:16', '2022-11-22 22:10:16'),
(319, 32, NULL, 11, '2022-11-22 22:10:16', '2022-11-22 22:10:16'),
(320, 32, NULL, 12, '2022-11-22 22:10:16', '2022-11-22 22:10:16'),
(321, 33, NULL, 0, '2022-11-22 22:10:22', '2022-11-22 22:10:22'),
(322, 33, NULL, 1, '2022-11-22 22:10:22', '2022-11-22 22:10:22'),
(323, 33, NULL, 2, '2022-11-22 22:10:22', '2022-11-22 22:10:22'),
(324, 33, NULL, 3, '2022-11-22 22:10:22', '2022-11-22 22:10:22'),
(325, 33, NULL, 4, '2022-11-22 22:10:22', '2022-11-22 22:10:22'),
(326, 33, NULL, 5, '2022-11-22 22:10:22', '2022-11-22 22:10:22'),
(327, 33, NULL, 6, '2022-11-22 22:10:22', '2022-11-22 22:10:22'),
(328, 33, NULL, 7, '2022-11-22 22:10:22', '2022-11-22 22:10:22'),
(329, 33, NULL, 8, '2022-11-22 22:10:22', '2022-11-22 22:10:22'),
(330, 33, NULL, 9, '2022-11-22 22:10:22', '2022-11-22 22:10:22'),
(331, 33, NULL, 10, '2022-11-22 22:10:22', '2022-11-22 22:10:22'),
(332, 33, NULL, 11, '2022-11-22 22:10:22', '2022-11-22 22:10:22'),
(333, 33, NULL, 12, '2022-11-22 22:10:22', '2022-11-22 22:10:22'),
(334, 34, NULL, 5, '2022-11-22 22:10:34', '2022-11-22 22:10:34'),
(335, 34, NULL, 6, '2022-11-22 22:10:34', '2022-11-22 22:10:34'),
(336, 34, NULL, 7, '2022-11-22 22:10:34', '2022-11-22 22:10:34'),
(337, 34, NULL, 8, '2022-11-22 22:10:34', '2022-11-22 22:10:34'),
(338, 34, NULL, 9, '2022-11-22 22:10:34', '2022-11-22 22:10:34'),
(339, 34, NULL, 10, '2022-11-22 22:10:34', '2022-11-22 22:10:34'),
(340, 35, NULL, 0, '2022-11-22 22:10:41', '2022-11-22 22:10:41'),
(341, 35, NULL, 1, '2022-11-22 22:10:41', '2022-11-22 22:10:41'),
(342, 35, NULL, 2, '2022-11-22 22:10:41', '2022-11-22 22:10:41'),
(343, 35, NULL, 3, '2022-11-22 22:10:41', '2022-11-22 22:10:41'),
(344, 35, NULL, 4, '2022-11-22 22:10:41', '2022-11-22 22:10:41'),
(345, 35, NULL, 5, '2022-11-22 22:10:41', '2022-11-22 22:10:41'),
(346, 35, NULL, 6, '2022-11-22 22:10:41', '2022-11-22 22:10:41'),
(347, 35, NULL, 7, '2022-11-22 22:10:41', '2022-11-22 22:10:41'),
(348, 35, NULL, 8, '2022-11-22 22:10:41', '2022-11-22 22:10:41'),
(349, 35, NULL, 9, '2022-11-22 22:10:41', '2022-11-22 22:10:41'),
(350, 35, NULL, 10, '2022-11-22 22:10:41', '2022-11-22 22:10:41'),
(351, 35, NULL, 11, '2022-11-22 22:10:41', '2022-11-22 22:10:41'),
(352, 35, NULL, 12, '2022-11-22 22:10:41', '2022-11-22 22:10:41'),
(353, 36, NULL, 0, '2022-11-22 22:10:47', '2022-11-22 22:10:47'),
(354, 36, NULL, 1, '2022-11-22 22:10:47', '2022-11-22 22:10:47'),
(355, 36, NULL, 2, '2022-11-22 22:10:47', '2022-11-22 22:10:47'),
(356, 36, NULL, 3, '2022-11-22 22:10:47', '2022-11-22 22:10:47'),
(357, 36, NULL, 4, '2022-11-22 22:10:47', '2022-11-22 22:10:47'),
(358, 36, NULL, 5, '2022-11-22 22:10:47', '2022-11-22 22:10:47'),
(359, 36, NULL, 6, '2022-11-22 22:10:47', '2022-11-22 22:10:47'),
(360, 36, NULL, 7, '2022-11-22 22:10:47', '2022-11-22 22:10:47'),
(361, 36, NULL, 8, '2022-11-22 22:10:47', '2022-11-22 22:10:47'),
(362, 36, NULL, 9, '2022-11-22 22:10:47', '2022-11-22 22:10:47'),
(363, 36, NULL, 10, '2022-11-22 22:10:47', '2022-11-22 22:10:47'),
(364, 36, NULL, 11, '2022-11-22 22:10:47', '2022-11-22 22:10:47'),
(365, 36, NULL, 12, '2022-11-22 22:10:47', '2022-11-22 22:10:47'),
(366, 37, NULL, 0, '2022-12-09 21:25:56', '2022-12-09 21:25:56'),
(367, 37, NULL, 1, '2022-12-09 21:25:56', '2022-12-09 21:25:56'),
(368, 37, NULL, 2, '2022-12-09 21:25:56', '2022-12-09 21:25:56'),
(369, 37, NULL, 3, '2022-12-09 21:25:56', '2022-12-09 21:25:56'),
(370, 37, NULL, 4, '2022-12-09 21:25:56', '2022-12-09 21:25:56'),
(371, 37, NULL, 5, '2022-12-09 21:25:56', '2022-12-09 21:25:56'),
(372, 37, NULL, 6, '2022-12-09 21:25:56', '2022-12-09 21:25:56'),
(373, 37, NULL, 7, '2022-12-09 21:25:56', '2022-12-09 21:25:56'),
(374, 37, NULL, 8, '2022-12-09 21:25:56', '2022-12-09 21:25:56'),
(375, 37, NULL, 9, '2022-12-09 21:25:56', '2022-12-09 21:25:56'),
(376, 37, NULL, 10, '2022-12-09 21:25:56', '2022-12-09 21:25:56'),
(377, 37, NULL, 11, '2022-12-09 21:25:56', '2022-12-09 21:25:56'),
(378, 37, NULL, 12, '2022-12-09 21:25:56', '2022-12-09 21:25:56'),
(379, 2, NULL, 1, '2022-12-19 01:50:30', '2022-12-19 01:50:30'),
(380, 2, NULL, 2, '2022-12-19 01:50:30', '2022-12-19 01:50:30'),
(381, 2, NULL, 3, '2022-12-19 01:50:30', '2022-12-19 01:50:30'),
(382, 2, NULL, 4, '2022-12-19 01:50:30', '2022-12-19 01:50:30'),
(383, 2, NULL, 5, '2022-12-19 01:50:30', '2022-12-19 01:50:30'),
(384, 2, NULL, 6, '2022-12-19 01:50:30', '2022-12-19 01:50:30'),
(385, 2, NULL, 7, '2022-12-19 01:50:30', '2022-12-19 01:50:30'),
(386, 2, NULL, 8, '2022-12-19 01:50:30', '2022-12-19 01:50:30'),
(387, 2, NULL, 9, '2022-12-19 01:50:30', '2022-12-19 01:50:30'),
(388, 2, NULL, 10, '2022-12-19 01:50:30', '2022-12-19 01:50:30'),
(389, 2, NULL, 11, '2022-12-19 01:50:30', '2022-12-19 01:50:30'),
(390, 2, NULL, 12, '2022-12-19 01:50:30', '2022-12-19 01:50:30'),
(396, 1, NULL, 1, '2022-12-22 10:38:54', '2022-12-22 10:38:54'),
(397, 1, NULL, 3, '2022-12-22 10:38:54', '2022-12-22 10:38:54'),
(398, 1, NULL, 5, '2022-12-22 10:38:54', '2022-12-22 10:38:54'),
(399, 1, NULL, 8, '2022-12-22 10:38:54', '2022-12-22 10:38:54');

-- --------------------------------------------------------

--
-- Table structure for table `grouptests`
--

CREATE TABLE `grouptests` (
  `id` bigint(20) UNSIGNED NOT NULL,
  `name` varchar(255) COLLATE utf8mb4_unicode_ci DEFAULT NULL,
  `status` varchar(255) COLLATE utf8mb4_unicode_ci DEFAULT NULL,
  `created_at` timestamp NULL DEFAULT NULL,
  `updated_at` timestamp NULL DEFAULT NULL
) ENGINE=InnoDB DEFAULT CHARSET=utf8mb4 COLLATE=utf8mb4_unicode_ci;

--
-- Dumping data for table `grouptests`
--

INSERT INTO `grouptests` (`id`, `name`, `status`, `created_at`, `updated_at`) VALUES
(2, 'CBC', NULL, '2023-04-29 14:01:52', '2023-04-29 14:01:52'),
(3, 'CBC', NULL, '2023-04-29 14:01:57', '2023-04-29 14:01:57'),
(4, 'IRON DEFICIENCY[4]', NULL, '2023-04-30 00:09:33', '2023-04-30 00:09:33'),
(5, 'LIVER[12]', NULL, '2023-04-30 00:32:23', '2023-04-30 00:32:23'),
(6, 'CARDIAC RISK MARKERS[5]', NULL, '2023-04-30 00:45:12', '2023-04-30 00:45:12'),
(7, 'CARDIAC RISK MARKERS[5]', NULL, '2023-04-30 00:45:17', '2023-04-30 00:45:17'),
(8, 'RENAL[7]', NULL, '2023-04-30 00:53:24', '2023-04-30 00:53:24'),
(9, 'GCJCUJFV', NULL, '2023-05-08 01:24:29', '2023-05-08 01:24:29'),
(10, 'GCJCUJFV', NULL, '2023-05-08 01:24:49', '2023-05-08 01:24:49');

-- --------------------------------------------------------

--
-- Table structure for table `labs`
--

CREATE TABLE `labs` (
  `id` int(11) NOT NULL,
  `lab_name` varchar(50) NOT NULL,
  `address1` varchar(50) DEFAULT NULL,
  `address2` varchar(50) DEFAULT NULL,
  `state` varchar(50) DEFAULT NULL,
  `city` varchar(50) DEFAULT NULL,
  `pin` varchar(50) DEFAULT NULL,
  `parent_test_id` varchar(50) DEFAULT NULL,
  `parent_test_name` varchar(50) DEFAULT NULL,
  `no_of_tests` varchar(50) DEFAULT NULL,
  `price` varchar(50) DEFAULT NULL,
  `phone` varchar(50) DEFAULT NULL,
  `image` text,
  `status` varchar(250) DEFAULT NULL,
  `created_at` datetime NOT NULL,
  `updated_at` datetime NOT NULL
) ENGINE=InnoDB DEFAULT CHARSET=utf8mb4;

--
-- Dumping data for table `labs`
--

INSERT INTO `labs` (`id`, `lab_name`, `address1`, `address2`, `state`, `city`, `pin`, `parent_test_id`, `parent_test_name`, `no_of_tests`, `price`, `phone`, `image`, `status`, `created_at`, `updated_at`) VALUES
(1, 'Call Labs', 'Vasava Colony, Kothapet', 'Roda no 4', 'Telengana', 'Hyderabad', '500089', NULL, NULL, NULL, NULL, '7893762020', '202210160825WhatsApp Image 2022-10-16 at 01.25.30 (2).jpeg', NULL, '2022-10-16 08:07:55', '2022-10-16 08:07:55'),
(2, 'Medline', 'nagol', 'Nagol.', 'telangana', 'Hyderabad.', '500039', NULL, NULL, NULL, NULL, '4189033634', '20221016WhatsApp Image 2022-10-16 at 01.25.31.jpeg', NULL, '2022-10-16 08:08:51', '2022-10-16 08:08:51'),
(3, 'Credence (KAMINENI)', 'L B Nagar.', 'L B Nagar', 'Telangana', 'Hyderabad.', '500040', NULL, NULL, NULL, NULL, '1234567894', '202210161901WhatsApp Image 2022-10-16 at 01.25.30.jpeg', NULL, '2022-10-16 19:01:05', '2022-10-16 19:01:05'),
(4, 'Medpath', 'Vanastali Puram', 'Lb nagar', 'Driscoll Buckley', 'Hyderabad.', '500039', NULL, NULL, NULL, NULL, '1234567898', '202210161902WhatsApp Image 2022-10-16 at 01.25.31 (1).jpeg', NULL, '2022-10-16 19:02:04', '2022-10-16 19:02:04'),
(12, 'tender lab', 'hvjkhv', 'boukh', 'bbikbik', 'kjviyv', '898989', NULL, NULL, NULL, NULL, '7878787878', '20230505medical-diagnostic-microscope-logo-clip-art-vector_csp53205767.jpg.webp', NULL, '2022-11-11 14:43:56', '2023-05-05 19:00:40'),
(13, 'Dr Lal PathLabs', 'KOTHAPET', NULL, 'TELANGANA', 'HYDERABAD', '500036', NULL, NULL, NULL, NULL, '9191919191', '20230505logo-header-2.png', '1', '2023-05-05 11:25:00', '2023-05-05 11:25:00'),
(14, 'Dr Lal PathLabs 2', 'KUHDF', NULL, 'TELANGANA', 'ERBGAFB', '200020', NULL, NULL, NULL, NULL, '9292929292', '20230505logo-header-2.png', '1', '2023-05-05 11:25:58', '2023-05-05 11:25:58'),
(15, 'LAB MED', 'JFJV', NULL, 'GGHHT', 'UFKUFKU', '500036', NULL, NULL, NULL, NULL, '9898989898', '20230505medical-logo-design14.jpg', '1', '2023-05-05 11:30:57', '2023-05-05 11:30:57'),
(16, 'c lab', 'jgfkuyfg', NULL, 'hchkck', 'jvjkjvkjv', '500036', NULL, NULL, NULL, NULL, '7979797979', '20230505images.jpeg', '1', '2023-05-05 13:22:02', '2023-05-05 13:22:02'),
(17, 'ScienceLab', 'tyktf', NULL, 'xhgch', 'tdutfu', '898989', NULL, NULL, NULL, NULL, '6767676767', '20230505d75e7db9896d41282c6a9c5e6cff0245.jpg', '1', '2023-05-05 13:22:48', '2023-05-05 13:22:48'),
(18, 'Medical Lab', 'cvkhfiyf', NULL, 'vhffgfy', 'fyfuyf', '8989898989', NULL, NULL, NULL, NULL, '123456', '20230505images.png', '1', '2023-05-05 13:23:40', '2023-05-05 13:23:40');

-- --------------------------------------------------------

--
-- Table structure for table `lab_package`
--

CREATE TABLE `lab_package` (
  `id` int(11) NOT NULL,
  `lab_id` varchar(50) NOT NULL,
  `sub_test_id` varchar(50) NOT NULL,
  `price` varchar(50) DEFAULT NULL,
  `updated_at` datetime NOT NULL DEFAULT CURRENT_TIMESTAMP
) ENGINE=InnoDB DEFAULT CHARSET=utf8mb4;

--
-- Dumping data for table `lab_package`
--

INSERT INTO `lab_package` (`id`, `lab_id`, `sub_test_id`, `price`, `updated_at`) VALUES
(38, '11', '10', '215', '2022-12-19 23:40:19'),
(118, '2', '180', '2400', '2023-04-30 18:43:30'),
(119, '3', '180', '2350', '2023-04-30 18:44:22'),
(120, '4', '180', '2400', '2023-04-30 18:44:43'),
(121, '12', '180', '2610', '2023-04-30 18:45:11'),
(124, '1', '179', '200', '2023-05-01 12:00:30'),
(125, '1', '180', '1200', '2023-05-05 11:46:39'),
(126, '1', '181', '700', '2023-05-05 11:46:39'),
(127, '1', '178', '200', '2023-05-05 11:46:39'),
(128, '1', '177', '1600', '2023-05-05 11:46:39'),
(129, '1', '176', '1100', '2023-05-05 11:46:39'),
(130, '1', '175', '2000', '2023-05-05 11:49:16'),
(131, '1', '174', '1500', '2023-05-05 11:49:16'),
(132, '1', '173', '5000', '2023-05-05 11:49:16'),
(133, '1', '172', '200', '2023-05-05 11:49:16'),
(134, '1', '190', '450', '2023-05-06 06:22:28'),
(135, '2', '190', '430', '2023-05-06 06:22:55'),
(136, '3', '190', '430', '2023-05-06 06:23:37'),
(137, '4', '190', '440', '2023-05-06 06:24:00'),
(138, '12', '190', '390', '2023-05-06 06:25:22'),
(139, '13', '190', '410', '2023-05-06 06:25:56'),
(140, '14', '190', '480', '2023-05-06 06:26:18'),
(141, '16', '190', '410', '2023-05-06 06:27:20'),
(142, '17', '190', '410', '2023-05-06 06:28:04'),
(143, '18', '190', '420', '2023-05-06 06:29:05'),
(144, '15', '190', '450', '2023-05-06 06:29:33');

-- --------------------------------------------------------

--
-- Table structure for table `migrations`
--

CREATE TABLE `migrations` (
  `id` int(10) UNSIGNED NOT NULL,
  `migration` varchar(255) COLLATE utf8mb4_unicode_ci NOT NULL,
  `batch` int(11) NOT NULL
) ENGINE=InnoDB DEFAULT CHARSET=utf8mb4 COLLATE=utf8mb4_unicode_ci;

--
-- Dumping data for table `migrations`
--

INSERT INTO `migrations` (`id`, `migration`, `batch`) VALUES
(1, '2014_10_12_000000_create_users_table', 1),
(2, '2014_10_12_100000_create_password_resets_table', 1),
(3, '2019_08_19_000000_create_failed_jobs_table', 1),
(4, '2019_12_14_000001_create_personal_access_tokens_table', 1),
(5, '2022_12_21_065612_create_permission_tables', 1),
(6, '2023_01_02_124253_create_appointments_table', 2);

-- --------------------------------------------------------

--
-- Table structure for table `model_has_permissions`
--

CREATE TABLE `model_has_permissions` (
  `permission_id` bigint(20) UNSIGNED NOT NULL,
  `model_type` varchar(255) COLLATE utf8mb4_unicode_ci NOT NULL,
  `model_id` bigint(20) UNSIGNED NOT NULL
) ENGINE=InnoDB DEFAULT CHARSET=utf8mb4 COLLATE=utf8mb4_unicode_ci;

-- --------------------------------------------------------

--
-- Table structure for table `model_has_roles`
--

CREATE TABLE `model_has_roles` (
  `role_id` bigint(20) UNSIGNED NOT NULL,
  `model_type` varchar(255) COLLATE utf8mb4_unicode_ci NOT NULL,
  `model_id` bigint(20) UNSIGNED NOT NULL
) ENGINE=InnoDB DEFAULT CHARSET=utf8mb4 COLLATE=utf8mb4_unicode_ci;

--
-- Dumping data for table `model_has_roles`
--

INSERT INTO `model_has_roles` (`role_id`, `model_type`, `model_id`) VALUES
(2, 'App\\Models\\User', 1),
(1, 'App\\Models\\User', 5),
(1, 'App\\Models\\User', 6),
(1, 'App\\Models\\User', 7),
(1, 'App\\Models\\User', 8),
(1, 'App\\Models\\User', 9),
(1, 'App\\Models\\User', 10),
(1, 'App\\Models\\User', 11),
(1, 'App\\Models\\User', 12),
(1, 'App\\Models\\User', 13),
(1, 'App\\Models\\User', 14),
(1, 'App\\Models\\User', 15);

-- --------------------------------------------------------

--
-- Table structure for table `orders`
--

CREATE TABLE `orders` (
  `id` int(11) NOT NULL,
  `orderId` varchar(50) DEFAULT NULL,
  `pay_option` varchar(50) DEFAULT NULL,
  `recieptId` varchar(50) DEFAULT NULL,
  `razorpayId` varchar(50) DEFAULT NULL,
  `name` varchar(50) DEFAULT NULL,
  `email` varchar(50) DEFAULT NULL,
  `payment_id` varchar(50) DEFAULT NULL,
  `amount` varchar(50) DEFAULT NULL,
  `currency` varchar(50) DEFAULT NULL,
  `description` varchar(50) DEFAULT NULL,
  `phone` varchar(50) DEFAULT NULL,
  `address` text,
  `order_date` datetime DEFAULT NULL,
  `collection_time` varchar(100) DEFAULT NULL,
  `user_id` varchar(50) NOT NULL,
  `report_url` varchar(250) DEFAULT NULL,
  `created_at` datetime NOT NULL DEFAULT CURRENT_TIMESTAMP,
  `updated_at` datetime DEFAULT NULL
) ENGINE=InnoDB DEFAULT CHARSET=utf8mb4;

--
-- Dumping data for table `orders`
--

INSERT INTO `orders` (`id`, `orderId`, `pay_option`, `recieptId`, `razorpayId`, `name`, `email`, `payment_id`, `amount`, `currency`, `description`, `phone`, `address`, `order_date`, `collection_time`, `user_id`, `report_url`, `created_at`, `updated_at`) VALUES
(1, NULL, '2', 'IDTTRJWNAUZnoqAfihpk', NULL, 'php', 'alok@rsaamerica.com', NULL, '500', 'INR', 'New Test', '4471813029', 'svdnsv', '2023-01-17 00:00:00', '03.30 PM', '5', NULL, '2023-01-02 14:17:34', '2023-01-02 14:17:34'),
(2, NULL, '2', 'OeV75zXDPx6TsZpTiS7x', NULL, 'alok', 'alok@rsaamerica.com', NULL, '4', 'INR', 'New Test', '1234567897', 'hghgh,hjhjh,90090', '2023-01-09 00:00:00', '12.00 PM', '5', NULL, '2023-01-08 08:05:51', '2023-01-08 08:05:51'),
(3, NULL, '2', 'YWAil83cWWnJgqKzZ1CP', NULL, 'alok', 'alok@rsaamerica.com', NULL, '4', 'INR', 'New Test', '1234567897', 'hghgh,hjhjh,90090', '2023-01-09 00:00:00', '12.00 PM', '5', NULL, '2023-01-08 08:07:16', '2023-01-08 08:07:16'),
(4, NULL, '2', 'Lg8Wt5zEdpEwIE9akHJc', NULL, 'alok', 'alok@rsaamerica.com', NULL, '4', 'INR', 'New Test', '1234567897', 'hghgh,hjhjh,90090', '2023-01-09 00:00:00', '12.00 PM', '5', NULL, '2023-01-08 08:09:18', '2023-01-08 08:09:18');

-- --------------------------------------------------------

--
-- Table structure for table `order_items`
--

CREATE TABLE `order_items` (
  `id` bigint(20) UNSIGNED NOT NULL,
  `user_id` bigint(20) DEFAULT NULL,
  `order_id` bigint(20) DEFAULT NULL,
  `product_id` bigint(20) DEFAULT NULL,
  `price` varchar(255) COLLATE utf8mb4_unicode_ci DEFAULT NULL,
  `qty` varchar(255) COLLATE utf8mb4_unicode_ci DEFAULT NULL,
  `created_at` timestamp NULL DEFAULT NULL,
  `updated_at` timestamp NULL DEFAULT NULL
) ENGINE=InnoDB DEFAULT CHARSET=utf8mb4 COLLATE=utf8mb4_unicode_ci;

-- --------------------------------------------------------

--
-- Table structure for table `order_test`
--

CREATE TABLE `order_test` (
  `id` int(11) NOT NULL,
  `order_id` varchar(50) DEFAULT NULL,
  `price` varchar(50) DEFAULT NULL,
  `test_name` varchar(50) DEFAULT NULL,
  `test_id` varchar(50) DEFAULT NULL,
  `user_id` varchar(50) DEFAULT NULL,
  `report_url` varchar(100) DEFAULT NULL,
  `lab_name` varchar(50) DEFAULT NULL,
  `created_at` datetime DEFAULT NULL,
  `updated_at` datetime DEFAULT NULL
) ENGINE=InnoDB DEFAULT CHARSET=utf8mb4;

--
-- Dumping data for table `order_test`
--

INSERT INTO `order_test` (`id`, `order_id`, `price`, `test_name`, `test_id`, `user_id`, `report_url`, `lab_name`, `created_at`, `updated_at`) VALUES
(1, '1', '500', 'p6', NULL, '5', NULL, 'Credence (KAMINENI)', NULL, NULL),
(2, '2', '4', 'p4', NULL, '5', '202301131356200.png', 'Medpath', NULL, NULL),
(3, '6', '4', 'p4', NULL, '5', NULL, 'Medpath', NULL, NULL),
(4, '10', '4', 'p4', NULL, '5', NULL, 'Medpath', NULL, NULL),
(5, '12', '4', 'p4', NULL, '5', NULL, 'Medpath', NULL, NULL);

-- --------------------------------------------------------

--
-- Table structure for table `organs`
--

CREATE TABLE `organs` (
  `id` int(11) NOT NULL,
  `name` varchar(50) DEFAULT NULL,
  `image` varchar(50) DEFAULT NULL,
  `status` varchar(50) DEFAULT NULL,
  `created_at` datetime DEFAULT NULL,
  `updated_at` datetime DEFAULT NULL
) ENGINE=InnoDB DEFAULT CHARSET=utf8mb4;

--
-- Dumping data for table `organs`
--

INSERT INTO `organs` (`id`, `name`, `image`, `status`, `created_at`, `updated_at`) VALUES
(1, 'Heart Health', '202304290434heartbeat.gif', '1', '2022-12-21 08:10:18', '2023-04-30 16:37:09'),
(2, 'Lungs', '202304290435lungs.gif', '1', '2023-02-13 06:38:36', '2023-04-29 04:35:41'),
(3, 'Brain', '202304290632brain.gif', '1', '2023-02-13 06:54:18', '2023-04-29 06:32:08'),
(4, 'Kidney', '202304291343kidneys.gif', '1', '2023-02-13 06:56:28', '2023-04-29 13:43:23'),
(5, 'Pregnancy', '202304301713pregnant.gif', '1', '2023-02-13 06:59:05', '2023-04-30 17:13:16'),
(6, 'eye', '202305010156eye.gif', '1', '2023-02-14 18:44:44', '2023-05-01 01:56:55'),
(7, 'Nose', '202305010203piercing.gif', '1', '2023-02-14 18:45:46', '2023-05-01 02:03:39'),
(8, 'Obesity', '202304291402obesity.png', '1', '2023-02-23 13:37:19', '2023-04-29 14:02:22'),
(9, 'Bone / Joints', '202304301719game-over.gif', '1', '2023-03-25 17:59:25', '2023-04-30 17:19:35'),
(10, 'Vitamins', '202304291355vitamin.png', '1', '2023-03-25 18:01:37', '2023-04-29 13:55:09'),
(11, 'Smoking', '202304291346no-smoking.gif', '1', '2023-03-25 18:03:21', '2023-04-29 13:46:53'),
(12, 'Drinking', '202304291348beer.gif', '1', '2023-04-25 17:11:51', '2023-04-29 13:48:34'),
(13, 'Anaemia', '202304301722blood-bag.gif', '1', '2023-04-25 17:16:25', '2023-04-30 17:22:57'),
(14, 'Allergy', '202304291350skin-allergy.png', '1', '2023-04-25 17:19:52', '2023-04-29 13:50:13'),
(15, 'Hypertension', '202304291352blood-pressure.png', '1', '2023-04-25 17:31:08', '2023-04-29 13:52:33'),
(16, 'Infections', '202304301703contaminated-water.gif', '1', '2023-04-29 18:50:42', '2023-04-30 17:03:28'),
(17, 'Jaundice', '202304301749eye-ball.gif', '1', '2023-04-29 18:51:07', '2023-04-30 17:49:49'),
(18, 'Fever', '202304301721thermometer.gif', '1', '2023-04-29 18:51:47', '2023-04-30 17:21:42'),
(19, 'Infertility- Male', '202304301307infertility.png', '1', '2023-04-30 12:58:48', '2023-04-30 13:07:38'),
(20, 'Infertility- Female', '202304301308uterus.png', '1', '2023-04-30 12:59:09', '2023-04-30 13:08:42'),
(21, 'Sleeplessness', '202304301717sleep.gif', '1', '2023-04-30 12:59:59', '2023-04-30 17:17:15'),
(22, 'Sexually transmitted diseases', '202304301311sexual-transmitted-disease.png', '1', '2023-04-30 13:00:17', '2023-04-30 13:11:47'),
(23, 'Loss of Appetite', '202304301313loss-of-appetite.png', '1', '2023-04-30 13:00:40', '2023-04-30 13:13:05'),
(24, 'Fatigue', '202304301318weakness.png', '1', '2023-04-30 13:00:58', '2023-04-30 13:18:37'),
(25, 'Stress/Anger', '202304301711depression.gif', '1', '2023-04-30 13:01:23', '2023-04-30 17:11:13'),
(26, 'Poor nutrition/Eating poorly', '202304301741nutrition-plan.gif', '1', '2023-04-30 13:01:42', '2023-04-30 17:41:29'),
(27, 'Loss of Weight', '202304301743weight.gif', '1', '2023-04-30 13:02:19', '2023-04-30 17:43:38'),
(28, 'Alcoholism', '202304301334champagne.gif', '1', '2023-04-30 13:02:39', '2023-04-30 13:34:23'),
(29, 'Sedentary Lifestyle', '202304301336office.png', '1', '2023-04-30 13:02:58', '2023-04-30 13:36:17'),
(30, 'Junk food', '202304301337burger.gif', '1', '2023-04-30 13:03:17', '2023-04-30 13:37:29');

-- --------------------------------------------------------

--
-- Table structure for table `organ_tests`
--

CREATE TABLE `organ_tests` (
  `id` bigint(20) UNSIGNED NOT NULL,
  `organ_id` bigint(20) DEFAULT NULL,
  `test_id` bigint(20) DEFAULT NULL,
  `created_at` timestamp NULL DEFAULT NULL,
  `updated_at` timestamp NULL DEFAULT NULL
) ENGINE=InnoDB DEFAULT CHARSET=utf8mb4 COLLATE=utf8mb4_unicode_ci;

--
-- Dumping data for table `organ_tests`
--

INSERT INTO `organ_tests` (`id`, `organ_id`, `test_id`, `created_at`, `updated_at`) VALUES
(1, 3, 3, NULL, NULL),
(2, 3, 5, NULL, NULL),
(3, 5, 4, NULL, NULL),
(4, 5, 5, NULL, NULL),
(5, 4, 3, NULL, NULL),
(14, 10, 2, NULL, NULL),
(15, 10, 4, NULL, NULL),
(16, 10, 5, NULL, NULL),
(21, 2, 7, NULL, NULL),
(22, 2, 57, NULL, NULL),
(23, 2, 76, NULL, NULL),
(24, 8, 57, NULL, NULL),
(25, 1, 57, NULL, NULL),
(26, 1, 105, NULL, NULL),
(27, 1, 167, NULL, NULL),
(28, 1, 190, NULL, NULL),
(29, 18, 57, NULL, NULL),
(30, 18, 63, NULL, NULL),
(31, 18, 66, NULL, NULL),
(32, 18, 74, NULL, NULL),
(33, 18, 76, NULL, NULL),
(34, 18, 151, NULL, NULL),
(35, 18, 176, NULL, NULL),
(36, 18, 177, NULL, NULL),
(37, 18, 179, NULL, NULL),
(38, 18, 180, NULL, NULL),
(39, 18, 201, NULL, NULL),
(40, 17, 57, NULL, NULL),
(41, 17, 66, NULL, NULL),
(42, 17, 94, NULL, NULL),
(43, 17, 95, NULL, NULL),
(44, 17, 158, NULL, NULL),
(45, 17, 189, NULL, NULL),
(46, 17, 202, NULL, NULL);

-- --------------------------------------------------------

--
-- Table structure for table `packages`
--

CREATE TABLE `packages` (
  `id` bigint(20) UNSIGNED NOT NULL,
  `package_name` varchar(255) COLLATE utf8mb4_unicode_ci DEFAULT NULL,
  `category` varchar(50) COLLATE utf8mb4_unicode_ci DEFAULT NULL,
  `lab_name` varchar(50) COLLATE utf8mb4_unicode_ci DEFAULT NULL,
  `no_of_tests` varchar(50) COLLATE utf8mb4_unicode_ci DEFAULT NULL,
  `package_desc` longtext COLLATE utf8mb4_unicode_ci,
  `parent_test_id` varchar(255) COLLATE utf8mb4_unicode_ci DEFAULT NULL,
  `price` varchar(50) COLLATE utf8mb4_unicode_ci DEFAULT NULL,
  `created_at` timestamp NULL DEFAULT NULL,
  `updated_at` timestamp NULL DEFAULT NULL
) ENGINE=InnoDB DEFAULT CHARSET=utf8mb4 COLLATE=utf8mb4_unicode_ci;

--
-- Dumping data for table `packages`
--

INSERT INTO `packages` (`id`, `package_name`, `category`, `lab_name`, `no_of_tests`, `package_desc`, `parent_test_id`, `price`, `created_at`, `updated_at`) VALUES
(8, 'CALL LAB’S cardiac Profile', '1', '1', NULL, 'Test', '1,2', '100', '2022-10-17 18:08:46', '2022-10-19 22:20:26'),
(9, 'kokok', '2', '2', NULL, '<p>bjnjnkjbkjljnlnljljn kjbko kjbl</p>', NULL, '3300', '2022-10-20 18:44:22', '2022-10-20 18:44:22'),
(10, 'liver package', '5', '3', NULL, '<p>hikjhkh uu ii</p>', NULL, '1', '2022-10-21 03:03:00', '2022-10-21 03:03:00'),
(13, 'p4', '1', '4', NULL, '<p>nnknk</p>', NULL, '4', '2022-10-21 03:05:30', '2022-10-21 03:05:30'),
(16, 'AAROGYAM XL', '2', '2', '145', 'Test', '8,9,10,11,12,13,14,15,16,17,18,19,20,21,22,23,24,25', '6000', '2022-11-12 06:20:08', '2022-11-12 06:24:13'),
(17, 'AAROGYAM MALE', '7', '3', '99', 'Test', '13,14,15,16,17,18,19,20,21,22,23,24', '4500', '2022-11-12 10:07:41', '2022-11-12 10:08:57'),
(23, 'THYROCARE', '7', '2', NULL, 'TDHTFU 7T8T87 RTFKHV.KJG FKFDKU UYFLUYFKHDHKFFKUT KUDFKJFGJG/OLH.KFHTTD FLUYDTDG IFGLYFLUYFJHFLJHV', NULL, '2200', '2023-04-30 01:01:04', '2023-04-30 01:01:04'),
(24, 'THYROCARE', '7', '2', NULL, '100', NULL, '2200', '2023-04-30 15:01:23', '2023-04-30 15:01:23'),
(25, 'kok', '2', '2', NULL, 'bljcbkqc ui', NULL, '2211', '2023-04-30 18:35:51', '2023-04-30 18:35:51'),
(26, 'see', '1', '12', NULL, 'jchrf ufkuf ugguygfg uu uufugi uouygui', NULL, '2111', '2023-05-01 09:07:53', '2023-05-01 09:07:53'),
(27, 'seehhhh', '3', '12', NULL, NULL, NULL, '2111', '2023-05-05 20:29:26', '2023-05-05 20:29:26'),
(28, 'seehhhh', '3', '12', NULL, '300', NULL, '2111', '2023-05-06 00:29:26', '2023-05-06 00:29:26');

-- --------------------------------------------------------

--
-- Table structure for table `package_parent`
--

CREATE TABLE `package_parent` (
  `id` int(11) NOT NULL,
  `parent_test_id` varchar(50) DEFAULT NULL,
  `package_id` varchar(50) DEFAULT NULL
) ENGINE=InnoDB DEFAULT CHARSET=utf8mb4;

--
-- Dumping data for table `package_parent`
--

INSERT INTO `package_parent` (`id`, `parent_test_id`, `package_id`) VALUES
(1, '1', '8'),
(2, '2', '8'),
(3, '1', '9'),
(4, '2', '9'),
(5, '3', '9'),
(6, '0', '10'),
(7, '1', '10'),
(8, '2', '10'),
(9, '3', '10'),
(10, '0', '11'),
(11, '1', '11'),
(12, '2', '11'),
(13, '3', '11'),
(14, '0', '12'),
(15, '1', '12'),
(16, '2', '12'),
(17, '3', '12'),
(18, '0', '13'),
(19, '1', '13'),
(20, '2', '13'),
(21, '3', '13'),
(22, '0', '14'),
(23, '1', '14'),
(24, '2', '14'),
(25, '3', '14'),
(26, '4', '14'),
(27, '2', '15'),
(28, '3', '15'),
(29, '4', '15'),
(30, '5', '15'),
(31, '8', '16'),
(32, '9', '16'),
(33, '10', '16'),
(34, '11', '16'),
(35, '12', '16'),
(36, '13', '16'),
(37, '14', '16'),
(38, '15', '16'),
(39, '16', '16'),
(40, '17', '16'),
(41, '18', '16'),
(42, '19', '16'),
(43, '20', '16'),
(44, '21', '16'),
(45, '22', '16'),
(46, '23', '16'),
(47, '24', '16'),
(48, '25', '16'),
(49, '13', '17'),
(50, '14', '17'),
(51, '15', '17'),
(52, '16', '17'),
(53, '17', '17'),
(54, '18', '17'),
(55, '19', '17'),
(56, '20', '17'),
(57, '21', '17'),
(58, '22', '17'),
(59, '23', '17'),
(60, '24', '17'),
(61, '2', '23'),
(62, '4', '23'),
(63, '5', '23'),
(64, '7', '23'),
(65, '8', '23'),
(66, '2', '24'),
(67, '4', '24'),
(68, '5', '24'),
(69, '8', '24'),
(70, '4', '25'),
(71, '5', '25'),
(72, '7', '25'),
(73, '8', '25'),
(74, '5', '26'),
(75, '7', '26'),
(76, '8', '26'),
(77, '5', '27'),
(78, '6', '27'),
(79, '7', '27'),
(80, '5', '28'),
(81, '6', '28'),
(82, '7', '28');

-- --------------------------------------------------------

--
-- Table structure for table `parent_tests`
--

CREATE TABLE `parent_tests` (
  `id` int(11) NOT NULL,
  `parent_test_name` varchar(50) DEFAULT NULL,
  `no_of_tests` varchar(50) DEFAULT NULL,
  `sub_tests` varchar(50) DEFAULT NULL,
  `price` varchar(50) DEFAULT NULL,
  `status` varchar(50) DEFAULT NULL,
  `slug` varchar(50) DEFAULT NULL,
  `created_at` datetime DEFAULT NULL,
  `updated_at` datetime DEFAULT NULL
) ENGINE=InnoDB DEFAULT CHARSET=utf8mb4;

--
-- Dumping data for table `parent_tests`
--

INSERT INTO `parent_tests` (`id`, `parent_test_name`, `no_of_tests`, `sub_tests`, `price`, `status`, `slug`, `created_at`, `updated_at`) VALUES
(1, 'Kidney Panel', '4', '1,3,4,5', '2000', '1', NULL, '2022-10-16 08:41:17', '2022-10-16 08:41:17'),
(2, 'Nosal Infection', '2', '3,5', '1000', '1', NULL, '2022-10-16 09:01:16', '2022-10-16 09:01:16'),
(3, 'livar profile', '90', '1,7,9', NULL, '1', NULL, '2022-10-20 17:12:15', '2022-10-20 17:12:15'),
(5, 'cbp', '20', '2,4,7', NULL, '1', NULL, '2022-10-22 13:06:56', '2022-10-22 13:06:56'),
(6, 'Hypertension', '5', '3,5,7,9,10', NULL, '1', NULL, '2022-11-02 18:35:52', '2022-11-02 18:35:52'),
(7, 'Pregnancy', '4', '5,6,7,8', NULL, '1', NULL, '2022-11-02 18:37:09', '2022-11-02 18:37:09'),
(8, 'IRON DEFICIENCY', '5', '1,2', NULL, '1', NULL, '2022-11-12 04:41:12', '2022-11-12 04:41:12'),
(9, 'LIVER', '13', '4,5,6', NULL, '1', NULL, '2022-11-12 04:41:48', '2022-11-12 04:41:48'),
(10, 'COMPLETE HEMOGRAM', '24', '7,8,9,10,11', NULL, '1', NULL, '2022-11-12 04:42:18', '2022-11-12 04:42:18'),
(11, 'DIABETES', '7', '9,10,11', NULL, '1', NULL, '2022-11-12 04:42:46', '2022-11-12 04:42:46'),
(12, 'ARTHRITIS', '2', '4,5,6,7', NULL, '1', NULL, '2022-11-12 04:43:13', '2022-11-12 04:43:13'),
(13, 'HIPERTENSION', '1', '4', NULL, '1', NULL, '2022-11-12 04:43:37', '2022-11-12 04:43:37'),
(14, 'PANCREATIC', '1', '5', NULL, '1', NULL, '2022-11-12 04:44:03', '2022-11-12 04:44:03'),
(15, 'STEROID', '10', '6,7,8', NULL, '1', NULL, '2022-11-12 04:44:29', '2022-11-12 04:44:29'),
(16, 'CARDIAC RISK MARKERS', '7', '2,4,7', NULL, '1', NULL, '2022-11-12 04:44:49', '2022-11-12 04:44:49'),
(17, 'RENAL', '10', '3,4,5', NULL, '1', NULL, '2022-11-12 04:45:18', '2022-11-12 04:45:18'),
(18, 'TOXIC ELEMENTS', '22', '4,5,7,9', NULL, '1', NULL, '2022-11-12 04:45:39', '2022-11-12 04:45:39'),
(19, 'ELECTROLYTES', '2', '3', NULL, '1', NULL, '2022-11-12 04:46:02', '2022-11-12 04:46:02'),
(20, 'LIPID', '10', '2,5,6', NULL, '1', NULL, '2022-11-12 04:46:23', '2022-11-12 04:46:23'),
(21, 'VITAMIN', '14', '1,3,4', NULL, '1', NULL, '2022-11-12 04:46:46', '2022-11-12 04:46:46'),
(22, 'METABOLIC', '1', '1', NULL, '1', NULL, '2022-11-12 04:47:11', '2022-11-12 04:47:11'),
(23, 'ELEMENTS', '2', '3,5', NULL, '1', NULL, '2022-11-12 04:47:30', '2022-11-12 04:47:30'),
(24, 'URINOGRAM', '10', '7,8', NULL, '1', NULL, '2022-11-12 04:47:54', '2022-11-12 04:47:54'),
(25, 'THYROID', '3', '2,6,7', NULL, '1', NULL, '2022-11-12 04:48:29', '2022-12-17 15:16:02');

-- --------------------------------------------------------

--
-- Table structure for table `password_resets`
--

CREATE TABLE `password_resets` (
  `email` varchar(255) COLLATE utf8mb4_unicode_ci NOT NULL,
  `token` varchar(255) COLLATE utf8mb4_unicode_ci NOT NULL,
  `created_at` timestamp NULL DEFAULT NULL
) ENGINE=InnoDB DEFAULT CHARSET=utf8mb4 COLLATE=utf8mb4_unicode_ci;

-- --------------------------------------------------------

--
-- Table structure for table `patients`
--

CREATE TABLE `patients` (
  `id` int(11) NOT NULL,
  `user_id` varchar(50) DEFAULT NULL,
  `name` varchar(50) DEFAULT NULL,
  `age` varchar(50) DEFAULT NULL,
  `gender` varchar(50) DEFAULT NULL,
  `order_id` varchar(100) DEFAULT NULL,
  `created_at` datetime DEFAULT NULL,
  `updated_at` datetime DEFAULT NULL
) ENGINE=InnoDB DEFAULT CHARSET=utf8mb4;

--
-- Dumping data for table `patients`
--

INSERT INTO `patients` (`id`, `user_id`, `name`, `age`, `gender`, `order_id`, `created_at`, `updated_at`) VALUES
(1, '5', 'Julian Bonner', '12', '1', 'IDTTRJWNAUZnoqAfihpk', '2023-01-02 14:17:34', '2023-01-02 14:17:34'),
(2, '5', 'Maya Vega', '23', '1', 'OeV75zXDPx6TsZpTiS7x', '2023-01-08 08:05:51', '2023-01-08 08:05:51'),
(3, '5', 'Maya Vega', '23', '1', 'YWAil83cWWnJgqKzZ1CP', '2023-01-08 08:07:16', '2023-01-08 08:07:16'),
(4, '5', 'Maya Vega', '23', '1', 'Lg8Wt5zEdpEwIE9akHJc', '2023-01-08 08:09:18', '2023-01-08 08:09:18');

-- --------------------------------------------------------

--
-- Table structure for table `permissions`
--

CREATE TABLE `permissions` (
  `id` bigint(20) UNSIGNED NOT NULL,
  `name` varchar(255) COLLATE utf8mb4_unicode_ci NOT NULL,
  `guard_name` varchar(255) COLLATE utf8mb4_unicode_ci NOT NULL,
  `created_at` timestamp NULL DEFAULT NULL,
  `updated_at` timestamp NULL DEFAULT NULL
) ENGINE=InnoDB DEFAULT CHARSET=utf8mb4 COLLATE=utf8mb4_unicode_ci;

--
-- Dumping data for table `permissions`
--

INSERT INTO `permissions` (`id`, `name`, `guard_name`, `created_at`, `updated_at`) VALUES
(1, 'role list', 'web', '2022-12-21 01:42:41', '2022-12-21 01:42:41'),
(2, 'role create', 'web', '2022-12-21 01:42:41', '2022-12-21 01:42:41'),
(3, 'role edit', 'web', '2022-12-21 01:42:41', '2022-12-21 01:42:41'),
(4, 'role delete', 'web', '2022-12-21 01:42:41', '2022-12-21 01:42:41'),
(5, 'user list', 'web', '2022-12-21 01:42:41', '2022-12-21 01:42:41'),
(6, 'user create', 'web', '2022-12-21 01:42:41', '2022-12-21 01:42:41'),
(7, 'user edit', 'web', '2022-12-21 01:42:41', '2022-12-21 01:42:41'),
(8, 'user delete', 'web', '2022-12-21 01:42:41', '2022-12-21 01:42:41');

-- --------------------------------------------------------

--
-- Table structure for table `personal_access_tokens`
--

CREATE TABLE `personal_access_tokens` (
  `id` bigint(20) UNSIGNED NOT NULL,
  `tokenable_type` varchar(255) COLLATE utf8mb4_unicode_ci NOT NULL,
  `tokenable_id` bigint(20) UNSIGNED NOT NULL,
  `name` varchar(255) COLLATE utf8mb4_unicode_ci NOT NULL,
  `token` varchar(64) COLLATE utf8mb4_unicode_ci NOT NULL,
  `abilities` text COLLATE utf8mb4_unicode_ci,
  `last_used_at` timestamp NULL DEFAULT NULL,
  `created_at` timestamp NULL DEFAULT NULL,
  `updated_at` timestamp NULL DEFAULT NULL
) ENGINE=InnoDB DEFAULT CHARSET=utf8mb4 COLLATE=utf8mb4_unicode_ci;

-- --------------------------------------------------------

--
-- Table structure for table `prescriptions`
--

CREATE TABLE `prescriptions` (
  `id` int(11) NOT NULL,
  `presc_url` varchar(255) DEFAULT NULL,
  `phone` varchar(100) DEFAULT NULL
) ENGINE=InnoDB DEFAULT CHARSET=utf8mb4;

--
-- Dumping data for table `prescriptions`
--

INSERT INTO `prescriptions` (`id`, `presc_url`, `phone`) VALUES
(1, '202301131440200.png', '4471813029'),
(2, '202301131441200.png', '1234567897');

-- --------------------------------------------------------

--
-- Table structure for table `roles`
--

CREATE TABLE `roles` (
  `id` bigint(20) UNSIGNED NOT NULL,
  `name` varchar(255) COLLATE utf8mb4_unicode_ci NOT NULL,
  `guard_name` varchar(255) COLLATE utf8mb4_unicode_ci NOT NULL,
  `created_at` timestamp NULL DEFAULT NULL,
  `updated_at` timestamp NULL DEFAULT NULL
) ENGINE=InnoDB DEFAULT CHARSET=utf8mb4 COLLATE=utf8mb4_unicode_ci;

--
-- Dumping data for table `roles`
--

INSERT INTO `roles` (`id`, `name`, `guard_name`, `created_at`, `updated_at`) VALUES
(1, 'user', 'web', '2022-12-21 01:42:41', '2022-12-21 01:42:41'),
(2, 'admin', 'web', '2022-12-21 01:42:41', '2022-12-21 01:42:41');

-- --------------------------------------------------------

--
-- Table structure for table `role_has_permissions`
--

CREATE TABLE `role_has_permissions` (
  `permission_id` bigint(20) UNSIGNED NOT NULL,
  `role_id` bigint(20) UNSIGNED NOT NULL
) ENGINE=InnoDB DEFAULT CHARSET=utf8mb4 COLLATE=utf8mb4_unicode_ci;

--
-- Dumping data for table `role_has_permissions`
--

INSERT INTO `role_has_permissions` (`permission_id`, `role_id`) VALUES
(1, 1),
(1, 2),
(2, 2),
(3, 2),
(4, 2),
(5, 2),
(6, 2),
(7, 2),
(8, 2);

-- --------------------------------------------------------

--
-- Table structure for table `sub_tests`
--

CREATE TABLE `sub_tests` (
  `id` int(11) NOT NULL,
  `organ_id` varchar(50) DEFAULT NULL,
  `sub_test_name` longtext,
  `created_at` datetime DEFAULT NULL,
  `updated_at` datetime DEFAULT NULL,
  `price` varchar(50) DEFAULT NULL,
  `sample_type` varchar(50) DEFAULT NULL,
  `volume` varchar(50) DEFAULT NULL,
  `status` varchar(50) DEFAULT NULL
) ENGINE=InnoDB DEFAULT CHARSET=utf8mb4;

--
-- Dumping data for table `sub_tests`
--

INSERT INTO `sub_tests` (`id`, `organ_id`, `sub_test_name`, `created_at`, `updated_at`, `price`, `sample_type`, `volume`, `status`) VALUES
(1, '1', '5α - DihydroTestosterone (5α-DHT)', '2022-10-15 20:10:01', '2023-04-26 14:35:25', '2600', 'Serum', '1ml', '1'),
(2, NULL, '5-Hydroxy Indole Acetic Acid (5-HIAA)', '2022-10-15 20:10:45', '2022-10-15 20:10:45', '2600', '24 hrs Urine', '1ml', '1'),
(3, NULL, '25-Hydroxy Vitamin D', '2022-10-16 07:38:27', '2022-10-16 07:38:27', '1000', 'Serum', '1ml', '1'),
(4, NULL, '1,25-Dihydroxy Vitamin D', '2022-10-16 07:39:14', '2022-10-16 07:39:14', '1660', 'Serum', '1ml', '1'),
(5, NULL, '17-alpha Hydroxy Progesterone (17•OHP)', '2022-10-16 07:40:02', '2022-10-16 07:40:02', '1300', 'Serum', '1ml', '1'),
(6, NULL, '17-OH Ketosteriods', '2022-10-16 07:41:01', '2022-10-16 07:41:01', '4500', '24 hrs Urine', '25ml', '1'),
(7, '1', 'Absolute Eosinophil Count', '2022-10-16 07:42:04', '2023-04-26 14:31:20', '180', 'WB•EDTA', '3ml', '1'),
(8, NULL, 'Absolute Reticulocyte Count', '2022-10-16 07:42:49', '2022-10-16 07:42:49', '200', 'WB•EDTA', '3ml', '1'),
(23, NULL, 'Absolute CD4 Count', '2023-04-28 13:34:22', '2023-04-28 13:34:22', '1200', 'EDTA', '2 ML', '1'),
(24, NULL, 'APTT', '2023-04-28 13:42:28', '2023-04-28 13:42:28', '400', 'Citrated Plasma', '2ML', '1'),
(25, NULL, 'Adenosine Deaminase (ADA) -Any Sample', '2023-04-28 13:43:21', '2023-04-28 13:43:21', '550', 'Sterile Container', '2 ML', '1'),
(26, NULL, 'Adenosine Deaminase (ADA)-Serum', '2023-04-28 13:43:55', '2023-04-28 13:43:55', '550', 'Serum', '2ml', '1'),
(27, NULL, 'Alpha Feto Protein - AFP - Serum', '2023-04-28 13:44:26', '2023-04-28 13:44:26', '700', 'Serum', '2ml', '1'),
(28, NULL, 'ANCA - Myeloperoxidase (p-ANCA)', '2023-04-28 13:45:06', '2023-04-28 13:45:06', '1500', 'serum', '2ml', '1'),
(29, NULL, 'ANCA - Serine Proteinase 3 (c-ANCA)', '2023-04-28 13:45:32', '2023-04-28 13:45:32', '1500', 'serum', '2ml', '1'),
(30, NULL, 'Angiotensin Converting Enzyme (ACE)', '2023-04-28 13:46:05', '2023-04-28 13:46:34', '1100', 'Serum', '2ml', '1'),
(31, NULL, 'Anti C C P Antibody (CCP)', '2023-04-28 13:49:06', '2023-04-28 13:49:06', '1700', 'Serum', '2ml', '1'),
(32, NULL, 'AMA/AntiTPO Antibody', '2023-04-28 13:50:07', '2023-04-28 13:50:07', '1200', 'serum', '2ml', '1'),
(33, NULL, 'Anti Mullarian Hormone (AMH)', '2023-04-28 13:50:42', '2023-04-28 13:50:42', '2000', 'serum', '2ml', '1'),
(34, NULL, 'Anti Nuclear Antibody', '2023-04-28 13:51:17', '2023-04-28 13:51:17', '650', 'serum', '2ml', '1'),
(35, NULL, 'Anti Phospholipid Antibody IgG', '2023-04-28 13:51:51', '2023-04-28 13:51:51', '1000', 'serum', '2ml', '1'),
(36, NULL, 'Anti Phospholipid Antibody IgM', '2023-04-28 13:52:19', '2023-04-28 13:52:19', '700', 'serum', '2ml', '1'),
(37, NULL, 'Anti Thyroglobulin Antibody (ATG)', '2023-04-28 13:52:48', '2023-04-28 13:52:48', '1200', 'serum', '2ml', '1'),
(38, NULL, 'ASO Titres (Anti Streptolysin O)', '2023-04-28 13:53:34', '2023-04-28 13:53:34', '500', 'serum', '2ml', '1'),
(39, NULL, 'Beta H C G Hormone', '2023-04-28 13:54:34', '2023-04-28 13:54:34', '600', 'Serum', '2ml', '1'),
(40, NULL, 'Bilirubin - Total', '2023-04-28 13:55:29', '2023-04-28 13:55:29', '150', 'Serum', '1ml', '1'),
(41, NULL, 'Blood Picture - Peripheral Smear', '2023-04-28 13:56:20', '2023-04-28 13:56:20', '250', 'EDTA', '1ml', '1'),
(42, NULL, 'Brucella IgG Antibody', '2023-04-28 13:56:53', '2023-04-28 13:56:53', '1100', 'Serum', '2ml', '1'),
(43, NULL, 'Brucella IgM Antibody', '2023-04-28 13:57:39', '2023-04-28 13:57:39', '1100', 'serum', '2ml', '1'),
(44, NULL, 'CA125 - Ovarian Cancer marker', '2023-04-28 13:58:10', '2023-04-28 13:58:10', '1200', 'serum', '2ml', '1'),
(45, NULL, 'CA15.3 - Breast Cancer marker', '2023-04-28 13:58:37', '2023-04-28 13:58:37', '1500', 'serum', '2ml', '1'),
(46, NULL, 'CA19.9 - Pancreatic Cancer Marker', '2023-04-28 13:59:02', '2023-04-28 13:59:02', '1300', 'serum', '2ml', '1'),
(47, NULL, 'Calcium - Serum', '2023-04-28 13:59:31', '2023-04-28 13:59:31', '150', 'serum', '1ml', '1'),
(48, NULL, 'Carcino Embryonic Antigen (CEA)', '2023-04-28 14:02:59', '2023-04-28 14:02:59', '700', 'Serum', '2ml', '1'),
(49, NULL, 'Cardiolipin IgA Antibody', '2023-04-28 14:03:48', '2023-04-28 14:03:48', '750', 'Serum', '2ml', '1'),
(50, NULL, 'Cardiolipin IgG Antibody', '2023-04-28 14:04:17', '2023-04-28 14:04:17', '750', 'Serum', '2 ml', '1'),
(51, NULL, 'Cardiolipin IgM Antibody', '2023-04-28 14:04:48', '2023-04-28 14:04:48', '750', 'serum', '2ml', '1'),
(52, NULL, 'CD3/CD4/CD8', '2023-04-28 17:21:24', '2023-04-28 17:21:24', '1500', 'EDTA', '2ml', '1'),
(53, NULL, 'Chromosomal Analysis - Peripheral Blood', '2023-04-28 17:22:02', '2023-04-28 17:22:02', '2750', 'Na-Heparin', '1ml', '1'),
(54, NULL, 'Chromosome Analysis (POC)', '2023-04-28 17:24:21', '2023-04-28 17:24:21', '8200', 'Sterile container', '.', '1'),
(55, NULL, 'Complement 3 (C3)', '2023-04-28 17:24:53', '2023-04-28 17:24:53', '800', 'serum', '1ml', '1'),
(56, NULL, 'Complement 4 (C4)', '2023-04-28 17:25:21', '2023-04-28 17:25:21', '800', 'serum', '1ml', '1'),
(57, NULL, 'Complete Blood Count (CBC)', '2023-04-28 17:26:22', '2023-04-28 17:26:22', '250', 'EDTA', '1.5 ML', '1'),
(58, NULL, 'Coombs Test - Direct', '2023-04-28 17:26:56', '2023-04-28 17:26:56', '450', 'EDTA', '2ML', '1'),
(59, NULL, 'Coombs Test - Indirect', '2023-04-28 17:27:47', '2023-04-28 17:27:47', '450', 'SERUM', '2ML', '1'),
(60, NULL, 'Cortisol -Morning', '2023-04-28 17:29:29', '2023-04-28 17:29:29', '500', 'SERUM', '1 ML', '1'),
(61, NULL, 'Cortisol-Evening', '2023-04-28 17:29:56', '2023-04-28 17:29:56', '500', 'SERUM', '1ML', '1'),
(62, NULL, 'C-Peptide', '2023-04-28 17:30:31', '2023-04-28 17:30:31', '1000', 'SERUM', '1ML', '1'),
(63, NULL, 'C-Reactive Protein (CRP)', '2023-04-28 17:31:08', '2023-04-28 17:31:08', '350', 'SERUM', '1ML', '1'),
(64, NULL, 'Creatine PhosphoKinase (CPK)', '2023-04-28 17:31:56', '2023-04-28 17:31:56', '600', 'SERUM', '1ML', '1'),
(65, NULL, 'Creatinine -Serum', '2023-04-28 17:32:31', '2023-04-28 17:32:31', '200', 'SERUM', '1ML', '1'),
(66, NULL, 'CUE - Complete Urine Analysis', '2023-04-28 17:33:17', '2023-04-28 17:33:17', '150', 'Sterile Container', '20 ML', '1'),
(67, NULL, 'Culture and Sensitivity - Pus', '2023-04-28 18:45:31', '2023-04-28 18:45:31', '450', 'pus Sterile Container', '.', '1'),
(68, NULL, 'Culture and Sensitivity - Urine', '2023-04-28 18:46:26', '2023-04-28 18:46:26', '450', 'urine Sterile Container', '20 ML', '1'),
(69, NULL, 'ulture and Sensitivity(Any Sample)', '2023-04-28 18:47:10', '2023-04-28 18:47:10', '450', 'Any Samples', '.', '1'),
(70, NULL, 'D-Dimer', '2023-04-28 18:47:39', '2023-04-28 18:47:39', '1000', 'Citrated Plasma', '1', '1'),
(71, NULL, 'DHEA-S', '2023-04-28 18:49:07', '2023-04-28 18:49:07', '800', 'serum', '1ml', '1'),
(72, NULL, 'Dengue IgG - Elisa', '2023-04-28 18:49:40', '2023-04-28 18:49:40', '800', 'serum', '1ml', '1'),
(73, NULL, 'Dengue IgM - Elisa', '2023-04-28 18:51:09', '2023-04-28 18:51:09', '800', 'serum', '1ml', '1'),
(74, NULL, 'Dengue NS1 Antigen - Elisa', '2023-04-28 18:51:48', '2023-04-28 18:51:48', '1100', 'serum', '1ml', '1'),
(75, NULL, 'Dengue NS,IgG,IgM, rapid', '2023-04-28 18:52:34', '2023-04-28 18:52:34', '1200', 'serum', '1ml', '1'),
(76, NULL, 'Erythrocyte Sedimentation Rate (ESR)', '2023-04-28 18:53:05', '2023-04-28 18:55:01', '100', 'EDTA', '1ml', '1'),
(77, NULL, 'Estradiol (E2)', '2023-04-28 18:53:37', '2023-04-28 18:53:37', '600', 'serum', '1ml', '1'),
(78, NULL, 'Ferritin', '2023-04-28 18:54:00', '2023-04-28 18:55:53', '550', 'SERUM', '1ml', '1'),
(79, NULL, 'Fibrinogen', '2023-04-28 18:56:32', '2023-04-28 18:56:32', '750', 'Citrated Plasma', '2ML', '1'),
(80, NULL, 'Folate - Serum/ Folic Acid)', '2023-04-28 18:57:10', '2023-04-28 18:57:10', '550', 'SERUM', '1ML', '1'),
(81, NULL, 'Follicle Stimulating Hormone (FSH)', '2023-04-28 18:57:34', '2023-04-28 18:57:34', '500', 'SERUM', '1ML', '1'),
(82, NULL, 'FT3 - TriIodothyronine Free', '2023-04-28 18:58:06', '2023-04-28 18:58:06', '350', 'SERUM', '1 ml', '1'),
(83, NULL, 'FT4 - Thyroxine - Free', '2023-04-28 18:58:33', '2023-04-28 18:58:33', '350', 'SERUM', '1ML', '1'),
(84, NULL, 'Glomerular Filtration Rate (eGFR)', '2023-04-28 18:59:06', '2023-04-28 18:59:06', '300', 'SERUM', '1ML', '1'),
(85, NULL, 'Glucose - Fasting', '2023-04-28 18:59:43', '2023-04-28 18:59:43', '60', 'Na-Floride', '0.5 ML', '1'),
(86, NULL, 'Glucose - PLBS', '2023-04-28 19:01:15', '2023-04-28 19:01:15', '60', 'Na-Floride', '1ML', '1'),
(87, NULL, 'Glucose - Random', '2023-04-28 19:01:47', '2023-04-28 19:01:47', '60', 'Na-Floride', '1ML', '1'),
(89, NULL, 'G6PD Quantitative)', '2023-04-29 07:06:24', '2023-04-29 07:06:24', '850', 'edta', '1ml', '1'),
(90, NULL, 'Glycosylated Haemoglobin (GHB/HbA1c)', '2023-04-29 07:06:54', '2023-04-29 07:06:54', '450', 'edta', '1ml', '1'),
(91, NULL, 'Growth Hormone (HGH)', '2023-04-29 07:07:26', '2023-04-29 07:07:26', '1000', 'serum', '1ml', '1'),
(92, NULL, 'Hemoglobinopathy (Hb Electrophoresis)', '2023-04-29 07:07:57', '2023-04-29 07:07:57', '1000', 'edta', '1ML', '1'),
(93, NULL, 'Hepatitis B surface Antibody (Anti HBs)', '2023-04-29 07:08:37', '2023-04-29 07:08:37', '900', 'SERUM', '1ML', '1'),
(94, NULL, 'Hepatitis B Surface antigen (HBsAg)', '2023-04-29 07:16:47', '2023-04-29 07:16:47', '400', 'SERUM', '1ML', '1'),
(95, NULL, 'Hepatitis B Virus - Viral Load', '2023-04-29 07:17:15', '2023-04-29 07:17:15', '6700', 'EDTA', '1ML', '1'),
(96, NULL, 'Herpes Simplex Virus 1 & 2 IgG', '2023-04-29 07:17:38', '2023-04-29 07:17:38', '600', 'SERUM', '1ML', '1'),
(97, NULL, 'Herpes Simplex Virus 1 and 2 IgM', '2023-04-29 07:18:02', '2023-04-29 07:18:02', '600', 'SERUM', '1ML', '1'),
(98, NULL, 'Herpes Simplex Virus 1 IgG', '2023-04-29 07:18:25', '2023-04-29 07:18:25', '600', 'SERUM', '1ML', '1'),
(99, NULL, 'Herpes Simplex Virus 1 IgM', '2023-04-29 07:18:49', '2023-04-29 07:18:49', '600', 'SERUM', '1ML', '1'),
(100, NULL, 'Herpes Simplex Virus 2 IgG', '2023-04-29 07:19:09', '2023-04-29 07:19:09', '600', 'SERUM', '1ML', '1'),
(101, NULL, 'Herpes Simplex Virus 2 IgM', '2023-04-29 07:19:34', '2023-04-29 07:19:34', '600', 'SERUM', '1ML', '1'),
(102, NULL, 'HIV 1 and 2 Antibody', '2023-04-29 07:19:55', '2023-04-29 07:19:55', '450', 'SERUM', '1ML', '1'),
(103, NULL, 'HIV 1 and 2 Western Blot', '2023-04-29 07:20:25', '2023-04-29 07:20:25', '2750', 'SERUM', '2ML', '1'),
(104, NULL, 'HLA B-27', '2023-04-29 07:20:58', '2023-04-29 07:20:58', '2250', 'EDTA', '1.5ML', '1'),
(105, NULL, 'Homocysteine', '2023-04-29 07:21:30', '2023-04-29 07:21:30', '1000', 'EDTA', '1ML', '1'),
(106, NULL, 'IL - 6 (Interlueken - 6 )', '2023-04-29 07:21:56', '2023-04-29 07:21:56', '3500', 'SERUM', '1ML', '1'),
(107, NULL, 'Immunoglobulin A (IgA)', '2023-04-29 07:22:15', '2023-04-29 07:22:15', '600', 'SERUM', '1ML', '1'),
(108, NULL, 'Immunoglobulin G (IgG)', '2023-04-29 07:22:35', '2023-04-29 07:22:35', '600', 'SERUM', '1ML', '1'),
(109, NULL, 'Immunoglobulin M (IgM)', '2023-04-29 13:04:13', '2023-04-29 13:04:13', '600', 'serum', '1ml', '1'),
(110, NULL, 'Insulin', '2023-04-29 13:04:48', '2023-04-29 13:04:48', '650', 'PeruM', '1ml', '1'),
(111, NULL, 'Insulin (Post Prandial)', '2023-04-29 13:05:31', '2023-04-29 13:05:31', '650', 'SERUM', '1ML', '1'),
(112, NULL, 'Intact Parathyroid Hormone (iPTH)', '2023-04-29 13:06:54', '2023-04-29 13:06:54', '1200', 'SERUM', '1ML', '1'),
(113, NULL, 'Iron', '2023-04-29 13:07:29', '2023-04-29 13:07:29', '300', 'SERUM', '1ML', '1'),
(114, NULL, 'Iron Binding Capacity - Total (TIBC)', '2023-04-29 13:08:09', '2023-04-29 13:08:09', '350', 'SERUM', '1ML', '1'),
(115, NULL, 'Lactate Dehyderogenase (LDH)-Serum', '2023-04-29 13:09:51', '2023-04-29 13:09:51', '350', 'SERUM', '1ML', '1'),
(116, NULL, 'Lipase', '2023-04-29 13:10:19', '2023-04-29 13:10:19', '550', 'SERUM', '1ML', '1'),
(117, NULL, 'Lupus Anticoagulant', '2023-04-29 13:11:05', '2023-04-29 13:11:05', '1500', 'Citrated Plasma', '2ML', '1'),
(118, NULL, 'Luteinizing Hormone (LH)', '2023-04-29 13:11:51', '2023-04-29 13:11:51', '450', '1ML', '1ML', '1'),
(119, NULL, 'Microalbumin-Urine', '2023-04-29 13:13:06', '2023-04-29 13:13:06', '500', 'URINE', '20 ML', '1'),
(120, NULL, 'MTB Complex PCR - Sputum', '2023-04-29 13:14:29', '2023-04-29 13:14:29', '2000', 'Sputum', '.', '1'),
(121, NULL, 'MTB Complex PCR -Whole Blood', '2023-04-29 13:14:59', '2023-04-29 13:14:59', '2000', 'EDTA', '2ML', '1'),
(122, NULL, 'Osmolality - Urine', '2023-04-29 13:15:52', '2023-04-29 13:15:52', '700', 'URINE', '20ML', '1'),
(123, NULL, 'Pro B-Type Natriuric Peptide (Pro BNP)', '2023-04-29 13:16:38', '2023-04-29 13:16:38', '1900', 'SERUM', '2ML', '1'),
(124, NULL, 'Procalcitonin', '2023-04-29 13:17:37', '2023-04-29 13:17:37', '3250', 'SERUM', '2ML', '1'),
(125, NULL, 'Progesterone', '2023-04-29 13:19:36', '2023-04-29 13:19:36', '650', 'SERUM', '1ML', '1'),
(126, NULL, 'Prolactin', '2023-04-29 13:19:59', '2023-04-29 13:19:59', '500', 'SERUM', '1ML', '1'),
(127, NULL, 'Prostate Specific Antigen (PSA - Total)', '2023-04-29 13:22:27', '2023-04-29 13:22:27', '600', 'SERUM', '2 ML', '1'),
(128, NULL, 'Protein C', '2023-04-29 13:22:56', '2023-04-29 13:22:56', '4000', 'Citrated Plasma', '2 ML', '1'),
(129, NULL, 'Protein Electrophoresis - Serum', '2023-04-29 13:23:30', '2023-04-29 13:23:30', '1200', 'SERUM', '1ML', '1'),
(130, NULL, 'Protein S', '2023-04-29 13:23:59', '2023-04-29 13:23:59', '3500', 'Citrated Plasma', '2 ML', '1'),
(131, NULL, 'Rapid Plasma Reagin -VDRL', '2023-04-29 13:24:22', '2023-04-29 13:24:22', '200', 'SERUM', '1ML', '1'),
(132, NULL, 'Rheumatic Factor IgM Antibody', '2023-04-29 13:26:36', '2023-04-29 13:26:36', '800', 'SERUM', '1ML', '1'),
(133, NULL, 'Rheumatoid Factor (RA test)', '2023-04-29 13:27:07', '2023-04-29 13:27:07', '500', 'SERUM', '1ML', '1'),
(134, NULL, 'Rubella Virus - IgG', '2023-04-29 13:27:51', '2023-04-29 13:27:51', '550', 'SERUM', '1ML', '1'),
(135, NULL, 'Rubella Virus - IgM', '2023-04-29 13:28:16', '2023-04-29 13:28:16', '550', 'SERUM', '1ML', '1'),
(136, NULL, 'SARS-CoV-2 (COVID-19) Antibody IgG', '2023-04-29 13:28:45', '2023-04-29 13:28:45', '1200', 'SERUM', '1ML', '1'),
(137, NULL, 'SARS-CoV-2 (COVID-19) Antibody IgM', '2023-04-29 13:29:17', '2023-04-29 13:29:17', '1200', 'SERUM', '1ML', '1'),
(138, NULL, 'SARS-CoV-2 (COVID-19) RT PCR', '2023-04-29 13:29:48', '2023-04-29 13:29:48', '750', 'VTM', '.', '1'),
(139, NULL, 'SARS-CoV-2 Antibody Total', '2023-04-29 13:30:18', '2023-04-29 13:30:18', '1200', 'SERUM', '1ML', '1'),
(140, NULL, 'Stool Examination', '2023-04-29 13:31:40', '2023-04-29 13:31:40', '150', 'Sterile Container', '.', '1'),
(141, NULL, 'TB Gold Gamma Interferon', '2023-04-29 13:32:14', '2023-04-29 13:32:14', '2500', 'Lithium Heparin', '2ML', '1'),
(142, NULL, 'Testosterone - Total', '2023-04-29 13:34:04', '2023-04-29 13:34:04', '600', 'SERUM', '1ML', '1'),
(143, NULL, 'Thyroid Stimulating Hormone (TSH)', '2023-04-29 13:34:29', '2023-04-29 13:34:29', '200', 'SERUM', '1ML', '1'),
(144, NULL, 'Total IgE', '2023-04-29 13:34:55', '2023-04-29 13:34:55', '1000', 'SERUM', '1ML', '1'),
(145, NULL, 'Troponin - I', '2023-04-29 13:35:18', '2023-04-29 13:35:18', '1500', 'SERUM', '1ML', '1'),
(146, NULL, 'Troponin - T', '2023-04-29 13:35:38', '2023-04-29 13:35:38', '1500', 'SERUM', '1ML', '1'),
(147, NULL, 'Urea', '2023-04-29 13:36:02', '2023-04-29 13:36:02', '150', 'SERUM', '1ML', '1'),
(148, NULL, 'Uric Acid Serum', '2023-04-29 13:36:46', '2023-04-29 13:36:46', '150', 'SERUM', '1ML', '1'),
(149, NULL, 'Vitamin - B12', '2023-04-29 13:38:11', '2023-04-29 13:38:11', '800', 'SERUM', '1ML', '1'),
(150, NULL, 'VMA (Vanillyl Mandelic Acid) Spot Urine', '2023-04-29 13:38:45', '2023-04-29 13:38:45', '800', 'Sterile Container', '.', '1'),
(151, NULL, 'Widal Test (Slide Test)', '2023-04-29 13:40:31', '2023-04-29 13:40:31', '200', 'SERUM', '1ML', '1'),
(152, NULL, '% TRANSFERRINCYI4 SATURATION', '2023-04-29 17:29:21', '2023-04-29 17:29:21', '50', 'serum', '1ml', '1'),
(153, NULL, 'UNSAT. IRON-BINDING CAPACITY(UIBC)', '2023-04-29 17:29:50', '2023-04-29 17:29:50', '50', 'serum', '1ml', '1'),
(154, NULL, 'SERUM ALB/GLOBULIN RATIO', '2023-04-29 17:33:15', '2023-04-29 17:33:15', '50', 'serum', '1ml', '1'),
(155, NULL, 'ALKALINE PHOSPHATASE(ALP)', '2023-04-29 17:33:58', '2023-04-29 17:33:58', '100', 'SERUM', '1ML', '1'),
(156, NULL, 'BILIRUBIN -DIRECT', '2023-04-29 17:34:24', '2023-04-29 17:34:24', '100', 'SERUM', '1ML', '1'),
(157, NULL, 'BILIRUBIN (INDIRECT)', '2023-04-29 17:34:54', '2023-04-29 17:34:54', '100', 'SERUM', '1ML', '1'),
(158, NULL, 'GAMMA GLUTAMYL TRANSFERASE (GGT)', '2023-04-29 17:35:18', '2023-04-29 17:35:18', '100', 'SERUM', '1ML', '1'),
(159, NULL, 'SGOT / SGPT RATIO', '2023-04-29 17:36:06', '2023-04-29 17:36:06', '100', 'SERUM', '1ML', '1'),
(160, NULL, 'PROTEIN - TOTAL', '2023-04-29 17:36:33', '2023-04-29 17:36:33', '100', 'SERUM', '1ML', '1'),
(161, NULL, 'ALBUMIN - SERUM', '2023-04-29 17:36:57', '2023-04-29 17:36:57', '100', 'SERUM', '1ML', '1'),
(162, NULL, 'SERUM GLOBULIN', '2023-04-29 17:38:10', '2023-04-29 17:38:10', '100', 'SERUM', '1ML', '1'),
(163, NULL, 'ASPARTATE AMINOTRANSFERASE (SGOT)', '2023-04-29 17:38:45', '2023-04-29 17:38:45', '100', 'SERUM', '1ML', '1'),
(164, NULL, 'ALANINE TRANSAMINASE (SGPT)', '2023-04-29 17:39:27', '2023-04-29 17:39:27', '100', 'SERUM', '1ML', '1'),
(165, NULL, 'APO B /APO AI RATIO (APO BIA1) ARKERSI5]', '2023-04-29 17:46:35', '2023-04-29 17:46:35', '600', 'SERUM', '1ML', '1'),
(166, NULL, 'APOLIPOPROTEIN - A1 (APO-A1)', '2023-04-29 17:47:03', '2023-04-29 17:47:03', '700', 'SERUM', '1ML', '1'),
(167, NULL, 'HS - CRP', '2023-04-29 17:49:06', '2023-04-29 17:49:53', '800', 'SERUM', '1ML', '1'),
(168, NULL, 'Lipoprotein (a) [Lp(a)]', '2023-04-29 17:50:26', '2023-04-29 17:50:26', '800', 'SERUM', '1ML', '1'),
(169, NULL, 'APOLIPOPROTEIN - B (APO-B)', '2023-04-29 17:52:19', '2023-04-29 17:52:19', '800', 'SERUM', '1ML', '1'),
(170, NULL, 'BUN/S.CREATININE RATIO', '2023-04-29 17:56:29', '2023-04-29 17:56:29', '190', 'SERUM', '1ML', '1'),
(171, NULL, 'BLOOD UREA NITROGEN (BUN)', '2023-04-29 17:57:33', '2023-04-29 17:57:33', '100', 'SERUM', '1ML', '1'),
(172, NULL, 'UREA / SR.CREATININE RATIO', '2023-04-29 17:58:00', '2023-04-29 17:58:00', '100', 'SERUM', '1ML', '1'),
(173, NULL, 'Covid Monitering Pannel - II : CBC,CRP ESR, D- Dimer, Liver Function Test, Kidney Basic Profile, IL-6, Procalcitonine, Ferritin, LDH, RBS, Calcium', '2023-04-30 13:41:54', '2023-04-30 13:41:54', '6990', 'Serum, EDTA, NA- F', '5ml', '1'),
(174, NULL, 'Anti-Natal Profile : CBP, Creatinine, HIV, HbSAg, RPR, RBS, Blood Grouping, CUE', '2023-04-30 13:42:50', '2023-04-30 13:42:50', '1200', 'Serum, EDTA, NA-F, Urine', '2ml', '1'),
(175, NULL, 'Dual Marker with graph : PAPP - A , HCG (Free)', '2023-04-30 13:54:00', '2023-04-30 13:54:00', '2200', 'serum', '2ml', '1'),
(176, NULL, 'Dengue Profile - Rapid : Dengue IgG, IgM, NS1', '2023-04-30 13:54:36', '2023-04-30 13:54:36', '1200', 'serum', '1ml', '1'),
(177, NULL, 'Dengue Profile - ELISA : Dengue IgG, IgM, NS1', '2023-04-30 13:56:08', '2023-04-30 13:56:08', '2000', 'serum', '1ml', '1'),
(178, NULL, 'Electrolyte Profile : Sodium, Potassium, Chloride', '2023-04-30 13:56:46', '2023-04-30 13:56:46', '500', 'serum', '1ml', '1'),
(179, NULL, 'Fever Profile - I : CBC, ESR, CRP, MP, Widal Slide, CUE', '2023-04-30 13:57:34', '2023-04-30 13:57:34', '800', 'Serum, EDTA, Urine', '2ml', '1'),
(180, NULL, 'Fever Profile - II : CBC, ESR, CRP, MP, Widal Slide, CUE, Dengue Profile Rapid(IgG, IgM, NS1)', '2023-04-30 13:58:18', '2023-04-30 13:58:18', '2500', 'Serum, EDTA, Urine', '2ml', '1'),
(181, NULL, 'Fertility Profile-I : LH, FSH, PRL', '2023-04-30 13:59:03', '2023-04-30 13:59:03', '900', 'serum', '2ml', '1'),
(182, NULL, 'Fertility Profile - II : LH, FSH, PRL, E2, TSH', '2023-04-30 14:07:10', '2023-04-30 14:07:10', '1450', 'serum', '2ml', '1'),
(183, NULL, 'Fertility Profile - III : LH, FSH, PRL, TSH', '2023-04-30 14:07:48', '2023-04-30 14:07:48', '1000', 'serum', '1ml', '1'),
(184, NULL, 'Fertility Profile - IV : LH, FSH, PRL, TESTO (Total), E2', '2023-04-30 14:08:39', '2023-04-30 14:08:39', '1800', 'serum', '1ml', '1'),
(185, NULL, 'Fertility Profile - V : Fertility Profile-I, Insulin, DHEA-S, Ferritin, Testosterone - Free', '2023-04-30 14:09:19', '2023-04-30 14:09:19', '4500', 'serum', '1ml', '1'),
(186, NULL, 'Iron Deficiency Profile I :  Iron, TIBC, Transferrin, Transferrin Saturation %', '2023-04-30 14:12:05', '2023-04-30 14:12:05', '1500', 'serum', '1ml', '1'),
(187, NULL, 'Iron Deficiency Profile : II Iron, Ferritin, TIBC, Transferrin, Transferrin Saturation %', '2023-04-30 14:12:51', '2023-04-30 14:12:51', '1600', 'serum', '2ml', '1'),
(188, NULL, 'Kidney Function Test : KFT- Creatinine, Urea, Uric Acid, Sodium, Potassium, chloride', '2023-04-30 14:13:29', '2023-04-30 14:13:29', '1200', 'serum', '2ml', '1'),
(189, NULL, 'Liver Function Test : LFT- Albumin, Bilirubin (Indirec t, Direct & Total), ALT/SGPT, AST/SGOT,ALP, GGT, Globulin, A/G Ratio, Total Protein', '2023-04-30 14:15:51', '2023-04-30 14:15:51', '450', 'serum', '1ml', '1'),
(190, NULL, 'Lipid Profile :Cholesterol - Total, Triglycerides, HDL, LDL, VLDL, Non HDL, Cho/HDL Ratio, LDL:HDL Ratio', '2023-04-30 14:19:47', '2023-04-30 14:19:47', '450', 'SERUM', '1ML', '1'),
(191, NULL, 'Quadruple Marker : AFP, HCG, UE3 , Inhabin-A', '2023-04-30 14:20:42', '2023-04-30 14:20:42', '2600', 'SERUM', '1ML', '1'),
(192, NULL, 'Thyroid Profile-I : T3, T4, TSH', '2023-04-30 14:21:28', '2023-04-30 14:21:28', '450', 'SERUM', '1ML', '1'),
(193, NULL, 'Thyroid Profile-II : FT3,FT4,T3,T4,TSH', '2023-04-30 14:22:06', '2023-04-30 14:22:06', '1000', 'SERUM', '1ML', '1'),
(194, NULL, 'Thyroid Profile - III : FSH, LH, Prolactin, T3, T4, TSH', '2023-04-30 14:22:40', '2023-04-30 14:22:40', '600', 'SERUM', '1ML', '1'),
(195, NULL, 'Thyroid Profile-IV :FT3, FT4, TSH', '2023-04-30 14:23:51', '2023-04-30 14:23:51', '550', 'SERUM', '1ML', '1'),
(196, NULL, 'Thyroid Profile - V : T3, T4, TSH, Prolactin', '2023-04-30 14:24:22', '2023-04-30 14:24:22', '600', 'SERUM', '1ML', '1'),
(197, NULL, 'Torch 10 Profile : Toxo IgG/ IgM; Rubella IgG/ IgM; CMV IgG/IgM; HSV-I IgG/ IgM; HSV-II IgG/ IgM', '2023-04-30 14:25:07', '2023-04-30 14:25:07', '2500', '2500', '5ML', '1'),
(198, NULL, 'Triple Marker with graph : AFP, HCG, E3', '2023-04-30 14:27:27', '2023-04-30 14:27:27', '2400', 'SERUM', '2ML', '1'),
(199, NULL, 'Vitamin Profile : 25-OH Vitamin - D, Vitamin - B12', '2023-04-30 14:28:05', '2023-04-30 14:28:05', '1750', 'SERUM', '2ML', '1'),
(200, NULL, 'Renal Function Test : Creatinine, Urea, Uric Acid, Sodium, Potassium, chloride, CUE', '2023-04-30 14:28:50', '2023-04-30 14:28:50', '1000', 'SERUM', '1ML', '1'),
(201, NULL, 'Malarial Parasite Identification', '2023-05-01 07:15:32', '2023-05-01 07:15:32', '200', 'SERUM', '1ML', '1'),
(202, NULL, 'Hepatitis C Virus Total Antibody, Immunochromatography', '2023-05-01 07:50:02', '2023-05-01 07:50:02', '550', 'SERUM', '2ML', '1'),
(203, NULL, 'Cholesterol - LDL Only', '2023-05-05 18:56:34', '2023-05-05 18:56:34', '250', 'serum', '1ml', '1');

-- --------------------------------------------------------

--
-- Table structure for table `table_grouptest_test`
--

CREATE TABLE `table_grouptest_test` (
  `id` bigint(20) UNSIGNED NOT NULL,
  `grouptest_id` bigint(20) DEFAULT NULL,
  `sub_tests_id` bigint(20) DEFAULT '1',
  `created_at` timestamp NULL DEFAULT NULL,
  `updated_at` timestamp NULL DEFAULT NULL
) ENGINE=InnoDB DEFAULT CHARSET=utf8mb4 COLLATE=utf8mb4_unicode_ci;

--
-- Dumping data for table `table_grouptest_test`
--

INSERT INTO `table_grouptest_test` (`id`, `grouptest_id`, `sub_tests_id`, `created_at`, `updated_at`) VALUES
(1, 2, 1, NULL, NULL),
(2, 2, 2, NULL, NULL),
(3, 2, 3, NULL, NULL),
(4, 4, 113, NULL, NULL),
(5, 4, 114, NULL, NULL),
(6, 4, 152, NULL, NULL),
(7, 4, 153, NULL, NULL),
(8, 5, 40, NULL, NULL),
(9, 5, 154, NULL, NULL),
(10, 5, 155, NULL, NULL),
(11, 5, 156, NULL, NULL),
(12, 5, 157, NULL, NULL),
(13, 5, 158, NULL, NULL),
(14, 5, 159, NULL, NULL),
(15, 5, 160, NULL, NULL),
(16, 5, 161, NULL, NULL),
(17, 5, 162, NULL, NULL),
(18, 5, 163, NULL, NULL),
(19, 5, 164, NULL, NULL),
(20, 7, 165, NULL, NULL),
(21, 7, 166, NULL, NULL),
(22, 7, 167, NULL, NULL),
(23, 7, 168, NULL, NULL),
(24, 7, 169, NULL, NULL),
(25, 8, 47, NULL, NULL),
(26, 8, 65, NULL, NULL),
(27, 8, 147, NULL, NULL),
(28, 8, 148, NULL, NULL),
(29, 8, 170, NULL, NULL),
(30, 8, 171, NULL, NULL),
(31, 8, 172, NULL, NULL),
(32, 8, 48, NULL, NULL);

-- --------------------------------------------------------

--
-- Table structure for table `users`
--

CREATE TABLE `users` (
  `id` bigint(20) UNSIGNED NOT NULL,
  `name` varchar(255) COLLATE utf8mb4_unicode_ci NOT NULL,
  `email` varchar(255) COLLATE utf8mb4_unicode_ci NOT NULL,
  `email_verified_at` timestamp NULL DEFAULT NULL,
  `password` varchar(255) COLLATE utf8mb4_unicode_ci NOT NULL,
  `phone` varchar(155) COLLATE utf8mb4_unicode_ci DEFAULT NULL,
  `role` varchar(155) COLLATE utf8mb4_unicode_ci DEFAULT NULL,
  `remember_token` varchar(100) COLLATE utf8mb4_unicode_ci DEFAULT NULL,
  `created_at` timestamp NULL DEFAULT NULL,
  `updated_at` timestamp NULL DEFAULT NULL
) ENGINE=InnoDB DEFAULT CHARSET=utf8mb4 COLLATE=utf8mb4_unicode_ci;

--
-- Dumping data for table `users`
--

INSERT INTO `users` (`id`, `name`, `email`, `email_verified_at`, `password`, `phone`, `role`, `remember_token`, `created_at`, `updated_at`) VALUES
(1, 'Admin', 'admin@gmail.com', '2022-08-15 00:33:53', '$2y$10$QF/hBxpWlGDTnZl2P2wvhemVGpwyemDUD4OLPmQnovyrd2NF3T.O2', NULL, '1', 'ssp3R5ApVxjm3IL3KtbMD6goHklvs4i0AUgY6tMGBRdXG4NjVI5pOyQrO3Es', '2022-08-15 00:33:53', '2022-08-15 00:33:53'),
(16, 'alok', 'alok@rsaamerica.com', NULL, '$2y$10$QF/hBxpWlGDTnZl2P2wvhemVGpwyemDUD4OLPmQnovyrd2NF3T.O2', NULL, NULL, NULL, '2023-03-18 10:21:15', '2023-03-18 10:21:15'),
(30, 'Alok', 'alok.nayak1026@gmail.com', NULL, '$2y$10$juLEHgbHkE8LAiN5iR8AgOp6UdeWWXdVWRPecboh1727luq0ypWmW', NULL, '2', NULL, '2023-03-25 06:56:42', '2023-03-25 06:56:42'),
(31, 'alok', 'alokmiraki@gmail.com', NULL, '$2y$10$EcMjzidnJpkVR5W8knOxgOWjStq0zXmhfFz3CQCqfVnJIYEfqRwJC', NULL, '2', NULL, '2023-03-26 01:44:01', '2023-03-26 01:44:01');

--
-- Indexes for dumped tables
--

--
-- Indexes for table `appointments`
--
ALTER TABLE `appointments`
  ADD PRIMARY KEY (`id`);

--
-- Indexes for table `carts`
--
ALTER TABLE `carts`
  ADD PRIMARY KEY (`id`);

--
-- Indexes for table `categories`
--
ALTER TABLE `categories`
  ADD PRIMARY KEY (`id`);

--
-- Indexes for table `failed_jobs`
--
ALTER TABLE `failed_jobs`
  ADD PRIMARY KEY (`id`),
  ADD UNIQUE KEY `failed_jobs_uuid_unique` (`uuid`);

--
-- Indexes for table `findtestbyorgan`
--
ALTER TABLE `findtestbyorgan`
  ADD PRIMARY KEY (`id`);

--
-- Indexes for table `grouptests`
--
ALTER TABLE `grouptests`
  ADD PRIMARY KEY (`id`);

--
-- Indexes for table `labs`
--
ALTER TABLE `labs`
  ADD PRIMARY KEY (`id`);

--
-- Indexes for table `lab_package`
--
ALTER TABLE `lab_package`
  ADD PRIMARY KEY (`id`);

--
-- Indexes for table `migrations`
--
ALTER TABLE `migrations`
  ADD PRIMARY KEY (`id`);

--
-- Indexes for table `model_has_permissions`
--
ALTER TABLE `model_has_permissions`
  ADD PRIMARY KEY (`permission_id`,`model_id`,`model_type`),
  ADD KEY `model_has_permissions_model_id_model_type_index` (`model_id`,`model_type`);

--
-- Indexes for table `model_has_roles`
--
ALTER TABLE `model_has_roles`
  ADD PRIMARY KEY (`role_id`,`model_id`,`model_type`),
  ADD KEY `model_has_roles_model_id_model_type_index` (`model_id`,`model_type`);

--
-- Indexes for table `orders`
--
ALTER TABLE `orders`
  ADD PRIMARY KEY (`id`);

--
-- Indexes for table `order_items`
--
ALTER TABLE `order_items`
  ADD PRIMARY KEY (`id`);

--
-- Indexes for table `order_test`
--
ALTER TABLE `order_test`
  ADD PRIMARY KEY (`id`);

--
-- Indexes for table `organs`
--
ALTER TABLE `organs`
  ADD PRIMARY KEY (`id`);

--
-- Indexes for table `organ_tests`
--
ALTER TABLE `organ_tests`
  ADD PRIMARY KEY (`id`);

--
-- Indexes for table `packages`
--
ALTER TABLE `packages`
  ADD PRIMARY KEY (`id`);

--
-- Indexes for table `package_parent`
--
ALTER TABLE `package_parent`
  ADD PRIMARY KEY (`id`);

--
-- Indexes for table `password_resets`
--
ALTER TABLE `password_resets`
  ADD KEY `password_resets_email_index` (`email`);

--
-- Indexes for table `patients`
--
ALTER TABLE `patients`
  ADD PRIMARY KEY (`id`);

--
-- Indexes for table `permissions`
--
ALTER TABLE `permissions`
  ADD PRIMARY KEY (`id`),
  ADD UNIQUE KEY `permissions_name_guard_name_unique` (`name`,`guard_name`);

--
-- Indexes for table `personal_access_tokens`
--
ALTER TABLE `personal_access_tokens`
  ADD PRIMARY KEY (`id`),
  ADD UNIQUE KEY `personal_access_tokens_token_unique` (`token`),
  ADD KEY `personal_access_tokens_tokenable_type_tokenable_id_index` (`tokenable_type`,`tokenable_id`);

--
-- Indexes for table `prescriptions`
--
ALTER TABLE `prescriptions`
  ADD PRIMARY KEY (`id`);

--
-- Indexes for table `roles`
--
ALTER TABLE `roles`
  ADD PRIMARY KEY (`id`),
  ADD UNIQUE KEY `roles_name_guard_name_unique` (`name`,`guard_name`);

--
-- Indexes for table `role_has_permissions`
--
ALTER TABLE `role_has_permissions`
  ADD PRIMARY KEY (`permission_id`,`role_id`),
  ADD KEY `role_has_permissions_role_id_foreign` (`role_id`);

--
-- Indexes for table `sub_tests`
--
ALTER TABLE `sub_tests`
  ADD PRIMARY KEY (`id`);

--
-- Indexes for table `table_grouptest_test`
--
ALTER TABLE `table_grouptest_test`
  ADD PRIMARY KEY (`id`);

--
-- Indexes for table `users`
--
ALTER TABLE `users`
  ADD PRIMARY KEY (`id`),
  ADD UNIQUE KEY `users_email_unique` (`email`);

--
-- AUTO_INCREMENT for dumped tables
--

--
-- AUTO_INCREMENT for table `appointments`
--
ALTER TABLE `appointments`
  MODIFY `id` bigint(20) UNSIGNED NOT NULL AUTO_INCREMENT, AUTO_INCREMENT=6;

--
-- AUTO_INCREMENT for table `carts`
--
ALTER TABLE `carts`
  MODIFY `id` bigint(20) UNSIGNED NOT NULL AUTO_INCREMENT;

--
-- AUTO_INCREMENT for table `categories`
--
ALTER TABLE `categories`
  MODIFY `id` int(11) NOT NULL AUTO_INCREMENT, AUTO_INCREMENT=27;

--
-- AUTO_INCREMENT for table `failed_jobs`
--
ALTER TABLE `failed_jobs`
  MODIFY `id` bigint(20) UNSIGNED NOT NULL AUTO_INCREMENT;

--
-- AUTO_INCREMENT for table `findtestbyorgan`
--
ALTER TABLE `findtestbyorgan`
  MODIFY `id` int(11) NOT NULL AUTO_INCREMENT, AUTO_INCREMENT=400;

--
-- AUTO_INCREMENT for table `grouptests`
--
ALTER TABLE `grouptests`
  MODIFY `id` bigint(20) UNSIGNED NOT NULL AUTO_INCREMENT, AUTO_INCREMENT=11;

--
-- AUTO_INCREMENT for table `labs`
--
ALTER TABLE `labs`
  MODIFY `id` int(11) NOT NULL AUTO_INCREMENT, AUTO_INCREMENT=19;

--
-- AUTO_INCREMENT for table `lab_package`
--
ALTER TABLE `lab_package`
  MODIFY `id` int(11) NOT NULL AUTO_INCREMENT, AUTO_INCREMENT=145;

--
-- AUTO_INCREMENT for table `migrations`
--
ALTER TABLE `migrations`
  MODIFY `id` int(10) UNSIGNED NOT NULL AUTO_INCREMENT, AUTO_INCREMENT=7;

--
-- AUTO_INCREMENT for table `orders`
--
ALTER TABLE `orders`
  MODIFY `id` int(11) NOT NULL AUTO_INCREMENT, AUTO_INCREMENT=5;

--
-- AUTO_INCREMENT for table `order_items`
--
ALTER TABLE `order_items`
  MODIFY `id` bigint(20) UNSIGNED NOT NULL AUTO_INCREMENT;

--
-- AUTO_INCREMENT for table `order_test`
--
ALTER TABLE `order_test`
  MODIFY `id` int(11) NOT NULL AUTO_INCREMENT, AUTO_INCREMENT=6;

--
-- AUTO_INCREMENT for table `organs`
--
ALTER TABLE `organs`
  MODIFY `id` int(11) NOT NULL AUTO_INCREMENT, AUTO_INCREMENT=31;

--
-- AUTO_INCREMENT for table `organ_tests`
--
ALTER TABLE `organ_tests`
  MODIFY `id` bigint(20) UNSIGNED NOT NULL AUTO_INCREMENT, AUTO_INCREMENT=47;

--
-- AUTO_INCREMENT for table `packages`
--
ALTER TABLE `packages`
  MODIFY `id` bigint(20) UNSIGNED NOT NULL AUTO_INCREMENT, AUTO_INCREMENT=29;

--
-- AUTO_INCREMENT for table `package_parent`
--
ALTER TABLE `package_parent`
  MODIFY `id` int(11) NOT NULL AUTO_INCREMENT, AUTO_INCREMENT=83;

--
-- AUTO_INCREMENT for table `patients`
--
ALTER TABLE `patients`
  MODIFY `id` int(11) NOT NULL AUTO_INCREMENT, AUTO_INCREMENT=5;

--
-- AUTO_INCREMENT for table `permissions`
--
ALTER TABLE `permissions`
  MODIFY `id` bigint(20) UNSIGNED NOT NULL AUTO_INCREMENT, AUTO_INCREMENT=9;

--
-- AUTO_INCREMENT for table `personal_access_tokens`
--
ALTER TABLE `personal_access_tokens`
  MODIFY `id` bigint(20) UNSIGNED NOT NULL AUTO_INCREMENT;

--
-- AUTO_INCREMENT for table `prescriptions`
--
ALTER TABLE `prescriptions`
  MODIFY `id` int(11) NOT NULL AUTO_INCREMENT, AUTO_INCREMENT=3;

--
-- AUTO_INCREMENT for table `roles`
--
ALTER TABLE `roles`
  MODIFY `id` bigint(20) UNSIGNED NOT NULL AUTO_INCREMENT, AUTO_INCREMENT=3;

--
-- AUTO_INCREMENT for table `sub_tests`
--
ALTER TABLE `sub_tests`
  MODIFY `id` int(11) NOT NULL AUTO_INCREMENT, AUTO_INCREMENT=204;

--
-- AUTO_INCREMENT for table `table_grouptest_test`
--
ALTER TABLE `table_grouptest_test`
  MODIFY `id` bigint(20) UNSIGNED NOT NULL AUTO_INCREMENT, AUTO_INCREMENT=33;

--
-- AUTO_INCREMENT for table `users`
--
ALTER TABLE `users`
  MODIFY `id` bigint(20) UNSIGNED NOT NULL AUTO_INCREMENT, AUTO_INCREMENT=32;

--
-- Constraints for dumped tables
--

--
-- Constraints for table `model_has_permissions`
--
ALTER TABLE `model_has_permissions`
  ADD CONSTRAINT `model_has_permissions_permission_id_foreign` FOREIGN KEY (`permission_id`) REFERENCES `permissions` (`id`) ON DELETE CASCADE;

--
-- Constraints for table `model_has_roles`
--
ALTER TABLE `model_has_roles`
  ADD CONSTRAINT `model_has_roles_role_id_foreign` FOREIGN KEY (`role_id`) REFERENCES `roles` (`id`) ON DELETE CASCADE;

--
-- Constraints for table `role_has_permissions`
--
ALTER TABLE `role_has_permissions`
  ADD CONSTRAINT `role_has_permissions_permission_id_foreign` FOREIGN KEY (`permission_id`) REFERENCES `permissions` (`id`) ON DELETE CASCADE,
  ADD CONSTRAINT `role_has_permissions_role_id_foreign` FOREIGN KEY (`role_id`) REFERENCES `roles` (`id`) ON DELETE CASCADE;
COMMIT;

/*!40101 SET CHARACTER_SET_CLIENT=@OLD_CHARACTER_SET_CLIENT */;
/*!40101 SET CHARACTER_SET_RESULTS=@OLD_CHARACTER_SET_RESULTS */;
/*!40101 SET COLLATION_CONNECTION=@OLD_COLLATION_CONNECTION */;
